date,key,asin,item_id,title,price,currency,available
2026-08-18,0300270968,0300270968,I3MRWHZEMQ9570,King Dollar: The Past and Future of the World's Dominant Currency,16.15,USD,true
2026-08-18,B001418KNS,B001418KNS,I16KSENF3QNH7U,Urnex Espresso Machine Cleaning Powder - 566 grams - Cafiza Professional Espresso Machine Cleaner,19.99,USD,true
2026-08-18,B00NX627HW,B00NX627HW,I39GQ1MYSMXZUB,"Carcassonne Tile Placement Strategy Board Game, 2-5 Players, 35 Min",31.99,USD,true
2026-08-18,B01IABPSNY,B01IABPSNY,I195N4YEVSUMSY,Gaggia Decalcifier Descaler Solution 250ml (2 Bottles),14.59,USD,true
2026-08-18,B01LP0U5X0,B01LP0U5X0,IC4SNMHJX2KW,Amazon Basics Extra Thick Exercise Yoga Mat with Carrying Strap,22.48,USD,true
2026-08-18,B076QDH9MY,B076QDH9MY,IE2DRY6MIIVNN,Z-MAN Evergreen Jack Hammer Chatterbait 3/8 Oz,22.24,USD,true
2026-08-18,B079ZPLL97,B079ZPLL97,ISYIWW6FMCFC7,"ONO Roller - Handheld Fidget Toy for Adults | Help Relieve Stress, Anxiety, Tension | Promotes Focus, Clarity | Compact, Portable Design (Black, Full Size - Aluminum)",40.00,USD,true
2026-08-18,B07BL7JXHV,B07BL7JXHV,I10ABVCUFJXPGO,"Travelpro Maxlite 5 Softside Carry-On Luggage Spinner, Black, 21-Inch | Expandable With 4 Wheels, Lightweight & Versatile Travel Design, Men & Women",160.00,USD,true
2026-08-18,B07GNDDNMW,B07GNDDNMW,I3NSX8I0OF132Q,"SIHOO M18 Ergonomic Office Chair, Mesh Back Desk Chair with Headrest | Adjustable Lumbar Support, Hold 330lbs Computer Chair with 2D Armrests & Wide Cushion, Tilt Lock, for Home Office - Black",132.53,USD,true
2026-08-18,B07WCR5Y4B,B07WCR5Y4B,I36EXJIRO7KRZP,TempPro TP49 Digital Hygrometer Indoor Thermometer | Humidity Meter Room Thermometer with Temperature and Humidity Monitor Mini Hygrometer (Previously ThermoPro),9.99,USD,true
2026-08-18,B07WMQP4SF,B07WMQP4SF,I1PE7Z66TXXHPS,"Homaxy 100% Cotton Waffle Weave Kitchen Dish Cloths 6-Pack, Dark Grey | 12 x 12 Inches, Ultra Soft Absorbent Dish Towels, Quick Drying Dish Rags with Hanging Loop",8.98,USD,true
2026-08-18,B081JKZ5H9,B081JKZ5H9,I2E6D01I4EUXHN,"watchget Coffee Machine Cleaning Brush Set, 1 Brush + 58mm Backflush Insert | 1Pc Coffee Machine Brush with Spoon & 1 Pc 58mm Stainless Steel Backflush Insert, Metal Blind Filter for Espresso Machine",8.99,USD,true
2026-08-18,B08F65MX4L,B08F65MX4L,IRYBV735I6FQY,"Asmodee 7 Wonders Board Game (New Edition) - Lead Your Civilization to Prosperity, Strategy Game for Kids and Adults, Ages 10+, 3-7 Players, 30 Minute Playtime | Lead your civilization through three Ages and build one of history's greatest wonders. Ages 10+, 3-7 Players, 30 Min.",59.99,USD,true
2026-08-18,B08HLVDCZW,B08HLVDCZW,I2HHXMWKNI7UL1,"Piscifun Speed X Fishing Line Spool No Twist Adjustable Handle for Reels | Aluminium handle, Fits spinning/bait/spincast reels, Prevents line twists, Smooth unwinding for easy spooling",29.99,USD,true
2026-08-18,B093H8RGXX,B093H8RGXX,I1TLY12MG73F4K,"Cascadia, Award-Winning Cozy Nature Board Game Set in the Pacific Northwest | 1-4 Players, Ages 10+, 30-45 Mins, Relaxing Tile-Laying",37.73,USD,true
2026-08-18,B095QX1FSR,B095QX1FSR,I1BNX13CZDTLV3,"Garmin Approach R10, Portable Golf Launch Monitor, Take Your Game Home, Indoors or to The Driving Range, Up to 10 Hours Battery Life - 010-02356-00 | Tracks 12+ metrics, shot dispersion, video clips, virtual rounds, 10-hour battery",479.00,USD,true
2026-08-18,B0BCHFHX6V,B0BCHFHX6V,IUQMUY60RAWMZ,Kinesis Advantage360 Split Ergonomic Keyboard - USB-C | Mechanical Switches | Fully Programmable | Contoured Shape | Adjustable Tenting | PBT Keycaps,479.00,USD,true
2026-08-18,B0BCHFSRN2,B0BCHFSRN2,IZBMRKWY7R120,Advantage360 Palm Pads - Magnetic | Cushioned Foam | Washable,25.99,USD,true
2026-08-18,B0BCHHCZ2J,B0BCHHCZ2J,I2XGMXYMDOHHFW,Advantage360 Blank Keycap Set - PBT Plastic | 76 Key Set | Logo Keycap Puller,50.00,USD,true
2026-08-18,B0BF7DXLBF,B0BF7DXLBF,IU77YZXOZZXDF,"Fellow Stagg EKG Pro Gooseneck Electric Kettle, Brew Timer, 0.9 Liter | To-the-Degree Temp Control, Color LCD, Temp Hold, Stainless Steel, for Pour-Over Coffee & Tea, Matte Black",179.95,USD,true
2026-08-18,B0CF9THQDK,B0CF9THQDK,I36P0F0DU9IBU1,"Blue Tees Golf Player+ AI-Powered GPS Speaker - Touchscreen Display, 10+ Hour Battery, 40,000+ Courses, Visual & Audible Distances, Hazard Detection, IPX7 Waterproof (Black)",,,false
2026-08-18,B0CNSMHQ3J,B0CNSMHQ3J,I17R9K20M03SXX,LACZ DENTON Pagani Design DD40 PD1783 Men's Watches Luxury Automatic Watch Men AR Sapphire Glass Mechanical Wristwatch Men 10Bar Japan Movement,144.99,USD,true
2026-08-18,B0CP5RMFN7,B0CP5RMFN7,IRPDG2XCLM0NE,"RollsTimi Pagani Design DD40 PD1783 Watches for Men, Japanese Automatic Movement, Day/Date Calendar, Stainless Steel Bracelet, Sapphire Crystal, Luxury Men's Automatic Watch.",144.99,USD,true
2026-08-18,B0CXDTP94L,B0CXDTP94L,I1H5MQZOP9CES3,"68oz 304 Stainless Steel Deep Fryer Pot with Basket & Strainer, Large Capacity Bacon Grease Container for Kitchen,Frying, Cooking, Camping,Oil Filter Container - Dishwasher Safe (68oz/2L/2.1Qt)",23.99,USD,true
2026-08-18,B0D1KB96ZP,B0D1KB96ZP,I39XRT1FQJCAGO,Pagani Design GMT Automatic Mechanical Men's Watch Rotating Ceramic Bezel Stainless Steel Watch with Date Function Men's Sport Watch,150.00,USD,true
2026-08-18,B0D22JRHZB,B0D22JRHZB,ITKJWU73M7L42,"UGREEN DXP4800 Plus 4-Bay NAS for Families, Creators & Small Teams | 4K Home Media, File Server & Hardware Transcoding, Intel 8505, 8GB DDR5, 10GbE&2.5GbE, Built-in 128G SSD, 2xM.2 NVMe,Diskless",619.98,USD,true
2026-08-18,B0DPR9LBJC,B0DPR9LBJC,I3MW6G9YTMMTX8,Votivo White Tea & Bergamot 10 oz Signature Candle | Soy Wax Blend | Luxury Glass Jar & Box | Home Decor |Gifts | Highly Scented,44.00,USD,true
2026-08-18,B0DVZBR9TJ,B0DVZBR9TJ,I1Q4XIXONYIP0F,"BuzzTV P6 PowerStation Media Hub with 8GB DDR4 RAM, Expandable NVMe Storage, Android 13, Dual Quad-Core Processors, Wireless AX and BT-500 Smart Remote",259.18,,true
2026-08-18,B0DWT9J5L3,B0DWT9J5L3,IU0Z3O3TRLWKG,"Toy Battle Board Game | Tactical Tile Placement and Troop Strategy Game with 8 Unique Terrains, Fun for Kids & Adults, Ages 8+, 2 Players, 15 Mins",26.95,USD,true
2026-08-18,B0FDZHJCS2,B0FDZHJCS2,IG0ZA3XP2DQ6T,"Thunderworks Games: FlipToons | an Animated Deck-Building Card Game! | Easy to Learn Board Game with Classic Cartoon Style | Portable Small Box Family Game for 1-4 Players, Ages 10+, 15-30 Minutes",19.95,USD,true
2026-08-18,B0FQFB8FMG,B0FQFB8FMG,I22142G5IOO2ZR,"Apple AirPods Pro 3 Wireless Earbuds, Active Noise Cancellation, Live Translation, Heart Rate Sensing, Hearing Aid Feature, Bluetooth Headphones, Spatial Audio, High-Fidelity Sound, USB-C Charging",189.99,USD,true
2026-08-18,B0FQMJGS4T,B0FQMJGS4T,IV0UBMM295PGT,"Fellow Pirch Cappuccino Cups 6.5 oz, Set of 2, Weighted Glass - Amber | Handcrafted Espresso Cup Set for Latte Art & Espresso, Dishwasher and Microwave Safe, Curved Interior, Soda Lime Coffee Mugs",39.95,USD,true
2026-08-18,B0FT39RFJB,B0FT39RFJB,I3REJ2Z3EOJ3HD,"CoolGeek M1 Vertical CD Player for Wall & Desk, Transparent Industrial Art Decor, Hi-Fi Bluetooth Transmitter (Requires External Speaker), 8H Rechargeable Battery, Wire-Free Aesthetic",159.00,USD,true
2026-08-18,B0GTB3BMYQ,B0GTB3BMYQ,I1FL364PQOPWUS,"iRobot Roomba 105X Robot Vacuum & Mop Combo, AutoEmpty Dock, Self‑Emptying for Up to 75 Days, 70× Power‑Lifting Suction, Smart LiDAR Mapping, App & Voice Control, Ideal for Homes with Pets & Kids",318.50,USD,true
2026-08-22,0300270968,0300270968,I3MRWHZEMQ9570,King Dollar: The Past and Future of the World's Dominant Currency,16.15,USD,true
2026-08-22,B00NX627HW,B00NX627HW,I39GQ1MYSMXZUB,"Carcassonne Tile Placement Strategy Board Game, 2-5 Players, 35 Min | For tile fans, build a medieval landscape, Meeple placement adds strategy each turn, Randomized tiles keep games different",31.99,USD,true
2026-08-22,B01LP0U5X0,B01LP0U5X0,IC4SNMHJX2KW,Amazon Basics Extra Thick Exercise Yoga Mat with Carrying Strap,22.48,USD,true
2026-08-22,B076QDH9MY,B076QDH9MY,IE2DRY6MIIVNN,Z-MAN Evergreen Jack Hammer Chatterbait 3/8 Oz,18.85,USD,true
2026-08-22,B079ZPLL97,B079ZPLL97,ISYIWW6FMCFC7,"ONO Roller - Handheld Fidget Toy for Adults | Help Relieve Stress, Anxiety, Tension | Promotes Focus, Clarity | Compact, Portable Design (Black, Full Size - Aluminum)",40.00,USD,true
2026-08-22,B07BL7JXHV,B07BL7JXHV,I10ABVCUFJXPGO,"Travelpro Maxlite 5 Softside Carry-On Luggage Spinner, Black, 21-Inch | Expandable With 4 Wheels, Lightweight & Versatile Travel Design, Men & Women",160.00,USD,true
2026-08-22,B07GNDDNMW,B07GNDDNMW,I3NSX8I0OF132Q,"SIHOO M18 Ergonomic Office Chair, Mesh Back Desk Chair with Headrest | Adjustable Lumbar Support, Hold 330lbs Computer Chair with 2D Armrests & Wide Cushion, Tilt Lock, for Home Office - Black",132.53,USD,true
2026-08-22,B07WCR5Y4B,B07WCR5Y4B,I36EXJIRO7KRZP,TempPro TP49 Digital Hygrometer Indoor Thermometer | Humidity Meter Room Thermometer with Temperature and Humidity Monitor Mini Hygrometer (Previously ThermoPro),9.99,USD,true
2026-08-22,B08F65MX4L,B08F65MX4L,IRYBV735I6FQY,"Asmodee 7 Wonders Board Game (New Edition) - Lead Your Civilization to Prosperity, Strategy Game for Kids and Adults, Ages 10+, 3-7 Players, 30 Minute Playtime | Lead your civilization through three Ages and build one of history's greatest wonders. Ages 10+, 3-7 Players, 30 Min.",59.99,USD,true
2026-08-22,B08HLVDCZW,B08HLVDCZW,I2HHXMWKNI7UL1,"Piscifun Speed X Fishing Line Spool No Twist Adjustable Handle for Reels | Aluminium handle, Fits spinning/bait/spincast reels, Prevents line twists, Smooth unwinding for easy spooling",29.99,USD,true
2026-08-22,B093H8RGXX,B093H8RGXX,I1TLY12MG73F4K,"Cascadia, Award-Winning Cozy Nature Board Game Set in the Pacific Northwest | 1-4 Players, Ages 10+, 30-45 Mins, Relaxing Tile-Laying, Build Habitats, Place Wildlife & Create Wildlife Corridors",37.84,USD,true
2026-08-22,B095QX1FSR,B095QX1FSR,I1BNX13CZDTLV3,"Garmin Approach R10, Portable Golf Launch Monitor, Take Your Game Home, Indoors or to The Driving Range, Up to 10 Hours Battery Life - 010-02356-00 | Tracks 12+ metrics, shot dispersion, video clips, virtual rounds, 10-hour battery",479.00,USD,true
2026-08-22,B09DDC7KMQ,B09DDC7KMQ,I225W0IRZJL69Z,Normcore 58.5mm Puck Screen - Lower Shower Screen - Metal Coffee Reusable Filter for Espresso Portafilter Filter Basket 58mm - 1.7mm Thickness 150μm - 316 Stainless Steel,13.99,USD,true
2026-08-22,B0BCHFHX6V,B0BCHFHX6V,IUQMUY60RAWMZ,Kinesis Advantage360 Split Ergonomic Keyboard - USB-C | Mechanical Switches | Fully Programmable | Contoured Shape | Adjustable Tenting | PBT Keycaps,479.00,USD,true
2026-08-22,B0BCHFSRN2,B0BCHFSRN2,IZBMRKWY7R120,Advantage360 Palm Pads - Magnetic | Cushioned Foam | Washable,25.99,USD,true
2026-08-22,B0BCHHCZ2J,B0BCHHCZ2J,I2XGMXYMDOHHFW,Advantage360 Blank Keycap Set - PBT Plastic | 76 Key Set | Logo Keycap Puller,50.00,USD,true
2026-08-22,B0BF7DXLBF,B0BF7DXLBF,IU77YZXOZZXDF,"Fellow Stagg EKG Pro Gooseneck Electric Kettle, Brew Timer, 0.9 Liter | To-the-Degree Temp Control, Color LCD, Temp Hold, Stainless Steel, for Pour-Over Coffee & Tea, Quick Heating, Matte Black",179.95,USD,true
2026-08-22,B0CF9THQDK,B0CF9THQDK,I36P0F0DU9IBU1,"Blue Tees Golf Player+ AI-Powered GPS Speaker - Touchscreen Display, 10+ Hour Battery, 40,000+ Courses, Visual & Audible Distances, Hazard Detection, IPX7 Waterproof (Black)",,,false
2026-08-22,B0CNSMHQ3J,B0CNSMHQ3J,I17R9K20M03SXX,LACZ DENTON Pagani Design DD40 PD1783 Men's Watches Luxury Automatic Watch Men AR Sapphire Glass Mechanical Wristwatch Men 10Bar Japan Movement,144.99,USD,true
2026-08-22,B0CP5RMFN7,B0CP5RMFN7,IRPDG2XCLM0NE,"RollsTimi Pagani Design DD40 PD1783 Watches for Men, Japanese Automatic Movement, Day/Date Calendar, Stainless Steel Bracelet, Sapphire Crystal, Luxury Men's Automatic Watch.",144.99,USD,true
2026-08-22,B0CXDTP94L,B0CXDTP94L,I1H5MQZOP9CES3,"68oz 304 Stainless Steel Deep Fryer Pot with Basket & Strainer, Large Capacity Bacon Grease Container for Kitchen,Frying, Cooking, Camping,Oil Filter Container - Dishwasher Safe (68oz/2L/2.1Qt)",21.59,USD,true
2026-08-22,B0D1KB96ZP,B0D1KB96ZP,I39XRT1FQJCAGO,Pagani Design GMT Automatic Mechanical Men's Watch Rotating Ceramic Bezel Stainless Steel Watch with Date Function Men's Sport Watch,150.00,USD,true
2026-08-22,B0D22JRHZB,B0D22JRHZB,ITKJWU73M7L42,"UGREEN DXP4800 Plus 4-Bay NAS for Families, Creators & Small Teams | 4K Home Media, File Server & Hardware Transcoding, Intel 8505, 8GB DDR5, 10GbE&2.5GbE, Built-in 128G SSD, 2xM.2 NVMe,Diskless",619.98,USD,true
2026-08-22,B0DPR9LBJC,B0DPR9LBJC,I3MW6G9YTMMTX8,Votivo White Tea & Bergamot 10 oz Signature Candle | Soy Wax Blend | Luxury Glass Jar & Box | Home Decor |Gifts | Highly Scented,44.00,USD,true
2026-08-22,B0DVZBR9TJ,B0DVZBR9TJ,I1Q4XIXONYIP0F,"BuzzTV P6 PowerStation Media Hub with 8GB DDR4 RAM, Expandable NVMe Storage, Android 13, Dual Quad-Core Processors, Wireless AX and BT-500 Smart Remote",249.12,,true
2026-08-22,B0DWT9J5L3,B0DWT9J5L3,IU0Z3O3TRLWKG,"Toy Battle Board Game | Tactical Tile Placement and Troop Strategy Game with 8 Unique Terrains, Fun for Kids & Adults, Ages 8+, 2 Players, 15 Mins",26.99,USD,true
2026-08-22,B0FDZHJCS2,B0FDZHJCS2,IG0ZA3XP2DQ6T,"Thunderworks Games: FlipToons | an Animated Deck-Building Card Game! | Easy to Learn Board Game with Classic Cartoon Style | Portable Small Box Family Game for 1-4 Players, Ages 10+, 15-30 Minutes",19.95,USD,true
2026-08-22,B0FQFB8FMG,B0FQFB8FMG,I22142G5IOO2ZR,"Apple AirPods Pro 3 Wireless Earbuds with Active Noise Cancellation | Live Translation, Heart Rate Sensing, Hearing Aid Feature, Bluetooth Headphones, Spatial Audio, USB-C Charging",189.99,USD,true
2026-08-22,B0FQMJGS4T,B0FQMJGS4T,IV0UBMM295PGT,"Fellow Pirch Cappuccino Cups 6.5 oz, Set of 2, Weighted Glass - Amber | Handcrafted Espresso Cup Set for Latte Art & Espresso, Dishwasher and Microwave Safe, Curved Interior, Soda Lime Coffee Mugs",39.95,USD,true
2026-08-22,B0FT39RFJB,B0FT39RFJB,I3REJ2Z3EOJ3HD,"CoolGeek M1 Vertical CD Player for Wall & Desk, Transparent Industrial Art Decor, Hi-Fi Bluetooth Transmitter (Requires External Speaker), 8H Rechargeable Battery, Wire-Free Aesthetic",159.00,USD,true
2026-08-22,B0GTB3BMYQ,B0GTB3BMYQ,I1FL364PQOPWUS,"iRobot Roomba 105X Robot Vacuum & Mop Combo, AutoEmpty Dock, Self‑Emptying for Up to 75 Days, 70× Power‑Lifting Suction, Smart LiDAR Mapping, App & Voice Control, Ideal for Homes with Pets & Kids",288.51,USD,true
2026-08-22,B0H6B2D9G6,B0H6B2D9G6,I3CMIU8LX4AAL4,"8Bitdo FlipPad Mobile Gaming Controller for iPhone and Android | Flip-Style, USB-C Plug and Play, Vertical Mobile Gaming, Pocket-Ready and Case-Friendly, Tactile D-pad and ABXY controls",29.99,USD,true
2026-08-24,0300270968,0300270968,I3MRWHZEMQ9570,King Dollar: The Past and Future of the World's Dominant Currency,16.15,USD,true
2026-08-24,B00NX627HW,B00NX627HW,I39GQ1MYSMXZUB,"Carcassonne Tile Placement Strategy Board Game, 2-5 Players, 35 Min | For tile fans, build a medieval landscape, Meeple placement adds strategy each turn, Randomized tiles keep games different",31.99,USD,true
2026-08-24,B01LP0U5X0,B01LP0U5X0,IC4SNMHJX2KW,Amazon Basics Extra Thick Exercise Yoga Mat with Carrying Strap,22.48,USD,true
2026-08-24,B076QDH9MY,B076QDH9MY,IE2DRY6MIIVNN,Z-MAN Evergreen Jack Hammer Chatterbait 3/8 Oz,21.62,USD,true
2026-08-24,B079ZPLL97,B079ZPLL97,ISYIWW6FMCFC7,"ONO Roller - Handheld Fidget Toy for Adults | Help Relieve Stress, Anxiety, Tension | Promotes Focus, Clarity | Compact, Portable Design (Black, Full Size - Aluminum)",40.00,USD,true
2026-08-24,B07BL7JXHV,B07BL7JXHV,I10ABVCUFJXPGO,"Travelpro Maxlite 5 Softside Carry-On Luggage Spinner, Black, 21-Inch | Expandable With 4 Wheels, Lightweight & Versatile Travel Design, Men & Women",160.00,USD,true
2026-08-24,B07GNDDNMW,B07GNDDNMW,I3NSX8I0OF132Q,"SIHOO M18 Ergonomic Office Chair, Mesh Back Desk Chair with Headrest | Adjustable Lumbar Support, Hold 330lbs Computer Chair with 2D Armrests & Wide Cushion, Tilt Lock, for Home Office - Black",132.53,USD,true
2026-08-24,B07WCR5Y4B,B07WCR5Y4B,I36EXJIRO7KRZP,TempPro TP49 Digital Hygrometer Indoor Thermometer | Humidity Meter Room Thermometer with Temperature and Humidity Monitor Mini Hygrometer (Previously ThermoPro),9.99,USD,true
2026-08-24,B08F65MX4L,B08F65MX4L,IRYBV735I6FQY,"Asmodee 7 Wonders Board Game (New Edition) - Lead Your Civilization to Prosperity, Strategy Game for Kids and Adults, Ages 10+, 3-7 Players, 30 Minute Playtime",59.99,USD,true
2026-08-24,B08HLVDCZW,B08HLVDCZW,I2HHXMWKNI7UL1,"Piscifun Speed X Fishing Line Spool No Twist Adjustable Handle for Reels | Aluminium handle, Fits spinning/bait/spincast reels, Prevents line twists, Smooth unwinding for easy spooling",29.99,USD,true
2026-08-24,B093H8RGXX,B093H8RGXX,I1TLY12MG73F4K,"Cascadia, Award-Winning Cozy Nature Board Game Set in the Pacific Northwest | 1-4 Players, Ages 10+, 30-45 Mins, Relaxing Tile-Laying, Build Habitats, Place Wildlife & Create Wildlife Corridors",37.74,USD,true
2026-08-24,B095QX1FSR,B095QX1FSR,I1BNX13CZDTLV3,"Garmin Approach R10, Portable Golf Launch Monitor, Take Your Game Home, Indoors or to The Driving Range, Up to 10 Hours Battery Life - 010-02356-00 | Tracks 12+ metrics, shot dispersion, video clips, virtual rounds, 10-hour battery",479.00,USD,true
2026-08-24,B09DDC7KMQ,B09DDC7KMQ,I225W0IRZJL69Z,Normcore 58.5mm Puck Screen - Lower Shower Screen - Metal Coffee Reusable Filter for Espresso Portafilter Filter Basket 58mm - 1.7mm Thickness 150μm - 316 Stainless Steel,13.99,USD,true
2026-08-24,B09GKTHBPH,B09GKTHBPH,I3H126LX6CX1OU,"Sorbus Soda Can Organizer for Fridge & Freezer, Stackable with Lid (2 Pack) | Clear dispenser holds 12 cans for refrigerator and pantry organization; secure lids and BPA-free construction.",29.99,USD,true
2026-08-24,B0BCHFHX6V,B0BCHFHX6V,IUQMUY60RAWMZ,Kinesis Advantage360 Split Ergonomic Keyboard - USB-C | Mechanical Switches | Fully Programmable | Contoured Shape | Adjustable Tenting | PBT Keycaps,479.00,USD,true
2026-08-24,B0BCHFSRN2,B0BCHFSRN2,IZBMRKWY7R120,Advantage360 Palm Pads - Magnetic | Cushioned Foam | Washable,35.80,USD,true
2026-08-24,B0BCHHCZ2J,B0BCHHCZ2J,I2XGMXYMDOHHFW,Advantage360 Blank Keycap Set - PBT Plastic | 76 Key Set | Logo Keycap Puller,50.00,USD,true
2026-08-24,B0BF7DXLBF,B0BF7DXLBF,IU77YZXOZZXDF,"Fellow Stagg EKG Pro Gooseneck Electric Kettle, Brew Timer, 0.9 Liter | To-the-Degree Temp Control, Color LCD, Temp Hold, Stainless Steel, for Pour-Over Coffee & Tea, Quick Heating, Matte Black",179.95,USD,true
2026-08-24,B0CF9THQDK,B0CF9THQDK,I36P0F0DU9IBU1,"Blue Tees Golf Player+ AI-Powered GPS Speaker - Touchscreen Display, 10+ Hour Battery, 40,000+ Courses, Visual & Audible Distances, Hazard Detection, IPX7 Waterproof (Black)",,,false
2026-08-24,B0CNSMHQ3J,B0CNSMHQ3J,I17R9K20M03SXX,LACZ DENTON Pagani Design DD40 PD1783 Men's Watches Luxury Automatic Watch Men AR Sapphire Glass Mechanical Wristwatch Men 10Bar Japan Movement,144.99,USD,true
2026-08-24,B0CP5RMFN7,B0CP5RMFN7,IRPDG2XCLM0NE,"RollsTimi Pagani Design DD40 PD1783 Watches for Men, Japanese Automatic Movement, Day/Date Calendar, Stainless Steel Bracelet, Sapphire Crystal, Luxury Men's Automatic Watch.",144.99,USD,true
2026-08-24,B0CXDTP94L,B0CXDTP94L,I1H5MQZOP9CES3,"68oz 304 Stainless Steel Deep Fryer Pot with Basket & Strainer, Large Capacity Bacon Grease Container for Kitchen,Frying, Cooking, Camping,Oil Filter Container - Dishwasher Safe (68oz/2L/2.1Qt)",21.59,USD,true
2026-08-24,B0D1KB96ZP,B0D1KB96ZP,I39XRT1FQJCAGO,Pagani Design GMT Automatic Mechanical Men's Watch Rotating Ceramic Bezel Stainless Steel Watch with Date Function Men's Sport Watch,150.00,USD,true
2026-08-24,B0D22JRHZB,B0D22JRHZB,ITKJWU73M7L42,"UGREEN DXP4800 Plus 4-Bay NAS for Families, Creators & Small Teams | 4K Home Media, File Server & Hardware Transcoding, Intel 8505, 8GB DDR5, 10GbE&2.5GbE, Built-in 128G SSD, 2xM.2 NVMe,Diskless",619.98,USD,true
2026-08-24,B0DPR9LBJC,B0DPR9LBJC,I3MW6G9YTMMTX8,Votivo White Tea & Bergamot 10 oz Signature Candle | Soy Wax Blend | Luxury Glass Jar & Box | Home Decor |Gifts | Highly Scented,44.00,USD,true
2026-08-24,B0DVZBR9TJ,B0DVZBR9TJ,I1Q4XIXONYIP0F,"BuzzTV P6 PowerStation Media Hub with 8GB DDR4 RAM, Expandable NVMe Storage, Android 13, Dual Quad-Core Processors, Wireless AX and BT-500 Smart Remote",,,false
2026-08-24,B0DWT9J5L3,B0DWT9J5L3,IU0Z3O3TRLWKG,"Toy Battle Board Game | Tactical Tile Placement and Troop Strategy Game with 8 Unique Terrains, Fun for Kids & Adults, Ages 8+, 2 Players, 15 Mins",26.99,USD,true
2026-08-24,B0FDZHJCS2,B0FDZHJCS2,IG0ZA3XP2DQ6T,"Thunderworks Games: FlipToons | an Animated Deck-Building Card Game! | Easy to Learn Board Game with Classic Cartoon Style | Portable Small Box Family Game for 1-4 Players, Ages 10+, 15-30 Minutes",19.95,USD,true
2026-08-24,B0FQFB8FMG,B0FQFB8FMG,I22142G5IOO2ZR,"Apple AirPods Pro 3 Wireless Earbuds with Active Noise Cancellation | Live Translation, Heart Rate Sensing, Hearing Aid Feature, Bluetooth Headphones, Spatial Audio, USB-C Charging",189.99,USD,true
2026-08-24,B0FQMJGS4T,B0FQMJGS4T,IV0UBMM295PGT,"Fellow Pirch Cappuccino Cups 6.5 oz, Set of 2, Weighted Glass - Amber | Handcrafted Espresso Cup Set for Latte Art & Espresso, Dishwasher and Microwave Safe, Curved Interior, Soda Lime Coffee Mugs",39.95,USD,true
2026-08-24,B0FT39RFJB,B0FT39RFJB,I3REJ2Z3EOJ3HD,"CoolGeek M1 Vertical CD Player for Wall & Desk, Transparent Industrial Art Decor, Hi-Fi Bluetooth Transmitter (Requires External Speaker), 8H Rechargeable Battery, Wire-Free Aesthetic",159.00,USD,true
2026-08-24,B0GTB3BMYQ,B0GTB3BMYQ,I1FL364PQOPWUS,"iRobot Roomba 105X Robot Vacuum & Mop Combo, AutoEmpty Dock, Self‑Emptying for Up to 75 Days, 70× Power‑Lifting Suction, Smart LiDAR Mapping, App & Voice Control, Ideal for Homes with Pets & Kids",294.99,USD,true
2026-08-24,B0H6B2D9G6,B0H6B2D9G6,I3CMIU8LX4AAL4,"8Bitdo FlipPad Mobile Gaming Controller for iPhone and Android | Flip-Style, USB-C Plug and Play, Vertical Mobile Gaming, Pocket-Ready and Case-Friendly, Tactile D-pad and ABXY controls",29.99,USD,true
2026-08-26,0300270968,0300270968,I3MRWHZEMQ9570,King Dollar: The Past and Future of the World's Dominant Currency,16.15,USD,true
2026-08-26,B00NX627HW,B00NX627HW,I39GQ1MYSMXZUB,"Carcassonne Tile Placement Strategy Board Game, 2-5 Players, 35 Min | For tile fans, build a medieval landscape, Meeple placement adds strategy each turn, Randomized tiles keep games different",31.99,USD,true
2026-08-26,B01LP0U5X0,B01LP0U5X0,IC4SNMHJX2KW,Amazon Basics Extra Thick Exercise Yoga Mat with Carrying Strap,22.48,USD,true
2026-08-26,B076QDH9MY,B076QDH9MY,IE2DRY6MIIVNN,Z-MAN Evergreen Jack Hammer Chatterbait 3/8 Oz,22.24,USD,true
2026-08-26,B079ZPLL97,B079ZPLL97,ISYIWW6FMCFC7,"ONO Roller - Handheld Fidget Toy for Adults | Help Relieve Stress, Anxiety, Tension | Promotes Focus, Clarity | Compact, Portable Design (Black, Full Size - Aluminum)",40.00,USD,true
2026-08-26,B07BL7JXHV,B07BL7JXHV,I10ABVCUFJXPGO,"Travelpro Maxlite 5 Softside Carry-On Luggage Spinner, Black, 21-Inch | Expandable With 4 Wheels, Lightweight & Versatile Travel Design, Men & Women",160.00,USD,true
2026-08-26,B07GNDDNMW,B07GNDDNMW,I3NSX8I0OF132Q,"SIHOO M18 Ergonomic Office Chair, Mesh Back Desk Chair with Headrest | Adjustable Lumbar Support, Hold 330lbs Computer Chair with 2D Armrests & Wide Cushion, Tilt Lock, for Home Office - Black",132.53,USD,true
2026-08-26,B07WCR5Y4B,B07WCR5Y4B,I36EXJIRO7KRZP,TempPro TP49 Digital Hygrometer Indoor Thermometer | Humidity Meter Room Thermometer with Temperature and Humidity Monitor Mini Hygrometer (Previously ThermoPro),9.99,USD,true
2026-08-26,B08F65MX4L,B08F65MX4L,IRYBV735I6FQY,"Asmodee 7 Wonders Board Game (New Edition) - Lead Your Civilization to Prosperity, Strategy Game for Kids and Adults, Ages 10+, 3-7 Players, 30 Minute Playtime",59.99,USD,true
2026-08-26,B08HLVDCZW,B08HLVDCZW,I2HHXMWKNI7UL1,"Piscifun Speed X Fishing Line Spool No Twist Adjustable Handle for Reels | Aluminium handle, Fits spinning/bait/spincast reels, Prevents line twists, Smooth unwinding for easy spooling",29.99,USD,true
2026-08-26,B093H8RGXX,B093H8RGXX,I1TLY12MG73F4K,"Cascadia, Award-Winning Cozy Nature Board Game Set in the Pacific Northwest | 1-4 Players, Ages 10+, 30-45 Mins, Relaxing Tile-Laying, Build Habitats, Place Wildlife & Create Wildlife Corridors",37.74,USD,true
2026-08-26,B095QX1FSR,B095QX1FSR,I1BNX13CZDTLV3,"Garmin Approach R10, Portable Golf Launch Monitor, Take Your Game Home, Indoors or to The Driving Range, Up to 10 Hours Battery Life - 010-02356-00",479.00,USD,true
2026-08-26,B09DDC7KMQ,B09DDC7KMQ,I225W0IRZJL69Z,Normcore 58.5mm Puck Screen - Lower Shower Screen - Metal Coffee Reusable Filter for Espresso Portafilter Filter Basket 58mm - 1.7mm Thickness 150μm - 316 Stainless Steel,13.99,USD,true
2026-08-26,B09GKTHBPH,B09GKTHBPH,I3H126LX6CX1OU,"Sorbus Soda Can Organizer for Fridge & Freezer, Stackable with Lid (2 Pack) | Clear dispenser holds 12 cans for refrigerator and pantry organization; secure lids and BPA-free construction.",29.99,USD,true
2026-08-26,B0BCHFHX6V,B0BCHFHX6V,IUQMUY60RAWMZ,Kinesis Advantage360 Split Ergonomic Keyboard - USB-C | Mechanical Switches | Fully Programmable | Contoured Shape | Adjustable Tenting | PBT Keycaps,479.00,USD,true
2026-08-26,B0BCHFSRN2,B0BCHFSRN2,IZBMRKWY7R120,Advantage360 Palm Pads - Magnetic | Cushioned Foam | Washable,35.80,USD,true
2026-08-26,B0BCHHCZ2J,B0BCHHCZ2J,I2XGMXYMDOHHFW,Advantage360 Blank Keycap Set - PBT Plastic | 76 Key Set | Logo Keycap Puller,50.00,USD,true
2026-08-26,B0BF7DXLBF,B0BF7DXLBF,IU77YZXOZZXDF,"Fellow Stagg EKG Pro Gooseneck Electric Kettle, Brew Timer, 0.9 Liter | To-the-Degree Temp Control, Color LCD, Temp Hold, Stainless Steel, for Pour-Over Coffee & Tea, Quick Heating, Matte Black",179.95,USD,true
2026-08-26,B0CF9THQDK,B0CF9THQDK,I36P0F0DU9IBU1,"Blue Tees Golf Player+ AI-Powered GPS Speaker - Touchscreen Display, 10+ Hour Battery, 40,000+ Courses, Visual & Audible Distances, Hazard Detection, IPX7 Waterproof (Black)",,,false
2026-08-26,B0CNSMHQ3J,B0CNSMHQ3J,I17R9K20M03SXX,LACZ DENTON Pagani Design DD40 PD1783 Men's Watches Luxury Automatic Watch Men AR Sapphire Glass Mechanical Wristwatch Men 10Bar Japan Movement,144.99,USD,true
2026-08-26,B0CP5RMFN7,B0CP5RMFN7,IRPDG2XCLM0NE,"RollsTimi Pagani Design DD40 PD1783 Watches for Men, Japanese Automatic Movement, Day/Date Calendar, Stainless Steel Bracelet, Sapphire Crystal, Luxury Men's Automatic Watch.",144.99,USD,true
2026-08-26,B0CXDTP94L,B0CXDTP94L,I1H5MQZOP9CES3,"68oz 304 Stainless Steel Deep Fryer Pot with Basket & Strainer, Large Capacity Bacon Grease Container for Kitchen,Frying, Cooking, Camping,Oil Filter Container - Dishwasher Safe (68oz/2L/2.1Qt)",21.59,USD,true
2026-08-26,B0D1KB96ZP,B0D1KB96ZP,I39XRT1FQJCAGO,Pagani Design GMT Automatic Mechanical Men's Watch Rotating Ceramic Bezel Stainless Steel Watch with Date Function Men's Sport Watch,150.00,USD,true
2026-08-26,B0D22JRHZB,B0D22JRHZB,ITKJWU73M7L42,"UGREEN DXP4800 Plus 4-Bay NAS for Families, Creators & Small Teams | 4K Home Media, File Server & Hardware Transcoding, Intel 8505, 8GB DDR5, 10GbE&2.5GbE, Built-in 128G SSD, 2xM.2 NVMe,Diskless",619.98,USD,true
2026-08-26,B0DPR9LBJC,B0DPR9LBJC,I3MW6G9YTMMTX8,Votivo White Tea & Bergamot 10 oz Signature Candle | Soy Wax Blend | Luxury Glass Jar & Box | Home Decor |Gifts | Highly Scented,44.00,USD,true
2026-08-26,B0DVZBR9TJ,B0DVZBR9TJ,I1Q4XIXONYIP0F,"BuzzTV P6 PowerStation Media Hub with 8GB DDR4 RAM, Expandable NVMe Storage, Android 13, Dual Quad-Core Processors, Wireless AX and BT-500 Smart Remote",,,false
2026-08-26,B0DWT9J5L3,B0DWT9J5L3,IU0Z3O3TRLWKG,"Toy Battle Board Game | Tactical Tile Placement and Troop Strategy Game with 8 Unique Terrains, Fun for Kids & Adults, Ages 8+, 2 Players, 15 Mins",26.99,USD,true
2026-08-26,B0FDZHJCS2,B0FDZHJCS2,IG0ZA3XP2DQ6T,"Thunderworks Games: FlipToons | an Animated Deck-Building Card Game! | Easy to Learn Board Game with Classic Cartoon Style | Portable Small Box Family Game for 1-4 Players, Ages 10+, 15-30 Minutes",19.95,USD,true
2026-08-26,B0FQFB8FMG,B0FQFB8FMG,I22142G5IOO2ZR,"Apple AirPods Pro 3 Wireless Earbuds with Active Noise Cancellation | Live Translation, Heart Rate Sensing, Hearing Aid Feature, Bluetooth Headphones, Spatial Audio, USB-C Charging",199.99,USD,true
2026-08-26,B0FQMJGS4T,B0FQMJGS4T,IV0UBMM295PGT,"Fellow Pirch Cappuccino Cups 6.5 oz, Set of 2, Weighted Glass - Amber | Handcrafted Espresso Cup Set for Latte Art & Espresso, Dishwasher and Microwave Safe, Curved Interior, Soda Lime Coffee Mugs",39.95,USD,true
2026-08-26,B0FT39RFJB,B0FT39RFJB,I3REJ2Z3EOJ3HD,"CoolGeek M1 Vertical CD Player for Wall & Desk, Transparent Industrial Art Decor, Hi-Fi Bluetooth Transmitter (Requires External Speaker), 8H Rechargeable Battery, Wire-Free Aesthetic",159.00,USD,true
2026-08-26,B0GTB3BMYQ,B0GTB3BMYQ,I1FL364PQOPWUS,"iRobot Roomba 105X Robot Vacuum & Mop Combo, AutoEmpty Dock, Self‑Emptying for Up to 75 Days, 70× Power‑Lifting Suction, Smart LiDAR Mapping, App & Voice Control, Ideal for Homes with Pets & Kids",329.40,USD,true
2026-08-26,B0H6B2D9G6,B0H6B2D9G6,I3CMIU8LX4AAL4,"8Bitdo FlipPad Mobile Gaming Controller for iPhone and Android | Flip-Style, USB-C Plug and Play, Vertical Mobile Gaming, Pocket-Ready and Case-Friendly, Tactile D-pad and ABXY controls",29.99,USD,true
2026-08-27,0300270968,0300270968,I3MRWHZEMQ9570,King Dollar: The Past and Future of the World's Dominant Currency,16.15,USD,true
2026-08-27,B00NX627HW,B00NX627HW,I39GQ1MYSMXZUB,"Carcassonne Tile Placement Strategy Board Game, 2-5 Players, 35 Min | For tile fans, build a medieval landscape, Meeple placement adds strategy each turn, Randomized tiles keep games different",31.99,USD,true
2026-08-27,B01LP0U5X0,B01LP0U5X0,IC4SNMHJX2KW,Amazon Basics Extra Thick Exercise Yoga Mat with Carrying Strap,22.48,USD,true
2026-08-27,B076QDH9MY,B076QDH9MY,IE2DRY6MIIVNN,Z-MAN Evergreen Jack Hammer Chatterbait 3/8 Oz,20.53,USD,true
2026-08-27,B079ZPLL97,B079ZPLL97,ISYIWW6FMCFC7,"ONO Roller - Handheld Fidget Toy for Adults | Help Relieve Stress, Anxiety, Tension | Promotes Focus, Clarity | Compact, Portable Design (Black, Full Size - Aluminum)",40.00,USD,true
2026-08-27,B07BL7JXHV,B07BL7JXHV,I10ABVCUFJXPGO,"Travelpro Maxlite 5 Softside Carry-On Luggage Spinner, Black, 21-Inch | Expandable With 4 Wheels, Lightweight & Versatile Travel Design, Men & Women",160.00,USD,true
2026-08-27,B07GNDDNMW,B07GNDDNMW,I3NSX8I0OF132Q,"SIHOO M18 Ergonomic Office Chair, Mesh Back Desk Chair with Headrest | Adjustable Lumbar Support, Hold 330lbs Computer Chair with 2D Armrests & Wide Cushion, Tilt Lock, for Home Office - Black",132.53,USD,true
2026-08-27,B07WCR5Y4B,B07WCR5Y4B,I36EXJIRO7KRZP,TempPro TP49 Digital Hygrometer Indoor Thermometer | Humidity Meter Room Thermometer with Temperature and Humidity Monitor Mini Hygrometer (Previously ThermoPro),9.99,USD,true
2026-08-27,B08F65MX4L,B08F65MX4L,IRYBV735I6FQY,"Asmodee 7 Wonders Board Game (New Edition) - Lead Your Civilization to Prosperity, Strategy Game for Kids and Adults, Ages 10+, 3-7 Players, 30 Minute Playtime",59.99,USD,true
2026-08-27,B08HLVDCZW,B08HLVDCZW,I2HHXMWKNI7UL1,"Piscifun Speed X Fishing Line Spool No Twist Adjustable Handle for Reels | Aluminium handle, Fits spinning/bait/spincast reels, Prevents line twists, Smooth unwinding for easy spooling",29.99,USD,true
2026-08-27,B093H8RGXX,B093H8RGXX,I1TLY12MG73F4K,"Cascadia, Award-Winning Cozy Nature Board Game Set in the Pacific Northwest | 1-4 Players, Ages 10+, 30-45 Mins, Relaxing Tile-Laying, Build Habitats, Place Wildlife & Create Wildlife Corridors",37.69,USD,true
2026-08-27,B095QX1FSR,B095QX1FSR,I1BNX13CZDTLV3,"Garmin Approach R10, Portable Golf Launch Monitor, Take Your Game Home, Indoors or to The Driving Range, Up to 10 Hours Battery Life - 010-02356-00",478.76,USD,true
2026-08-27,B09DDC7KMQ,B09DDC7KMQ,I225W0IRZJL69Z,Normcore 58.5mm Puck Screen - Lower Shower Screen - Metal Coffee Reusable Filter for Espresso Portafilter Filter Basket 58mm - 1.7mm Thickness 150μm - 316 Stainless Steel,13.99,USD,true
2026-08-27,B09GKTHBPH,B09GKTHBPH,I3H126LX6CX1OU,"Sorbus Soda Can Organizer for Fridge & Freezer, Stackable with Lid (2 Pack) | Clear dispenser holds 12 cans for refrigerator and pantry organization; secure lids and BPA-free construction.",29.99,USD,true
2026-08-27,B0BCHFHX6V,B0BCHFHX6V,IUQMUY60RAWMZ,Kinesis Advantage360 Split Ergonomic Keyboard - USB-C | Mechanical Switches | Fully Programmable | Contoured Shape | Adjustable Tenting | PBT Keycaps,479.00,USD,true
2026-08-27,B0BCHFSRN2,B0BCHFSRN2,IZBMRKWY7R120,Advantage360 Palm Pads - Magnetic | Cushioned Foam | Washable,35.80,USD,true
2026-08-27,B0BCHHCZ2J,B0BCHHCZ2J,I2XGMXYMDOHHFW,Advantage360 Blank Keycap Set - PBT Plastic | 76 Key Set | Logo Keycap Puller,50.00,USD,true
2026-08-27,B0BF7DXLBF,B0BF7DXLBF,IU77YZXOZZXDF,"Fellow Stagg EKG Pro Gooseneck Electric Kettle, Brew Timer, 0.9 Liter | To-the-Degree Temp Control, Color LCD, Temp Hold, Stainless Steel, for Pour-Over Coffee & Tea, Quick Heating, Matte Black",179.95,USD,true
2026-08-27,B0CF9THQDK,B0CF9THQDK,I36P0F0DU9IBU1,"Blue Tees Golf Player+ AI-Powered GPS Speaker - Touchscreen Display, 10+ Hour Battery, 40,000+ Courses, Visual & Audible Distances, Hazard Detection, IPX7 Waterproof (Black)",,,false
2026-08-27,B0CNSMHQ3J,B0CNSMHQ3J,I17R9K20M03SXX,LACZ DENTON Pagani Design DD40 PD1783 Men's Watches Luxury Automatic Watch Men AR Sapphire Glass Mechanical Wristwatch Men 10Bar Japan Movement,144.99,USD,true
2026-08-27,B0CP5RMFN7,B0CP5RMFN7,IRPDG2XCLM0NE,"RollsTimi Pagani Design DD40 PD1783 Watches for Men, Japanese Automatic Movement, Day/Date Calendar, Stainless Steel Bracelet, Sapphire Crystal, Luxury Men's Automatic Watch.",144.99,USD,true
2026-08-27,B0CXDTP94L,B0CXDTP94L,I1H5MQZOP9CES3,"68oz 304 Stainless Steel Deep Fryer Pot with Basket & Strainer, Large Capacity Bacon Grease Container for Kitchen,Frying, Cooking, Camping,Oil Filter Container - Dishwasher Safe (68oz/2L/2.1Qt)",21.59,USD,true
2026-08-27,B0D1KB96ZP,B0D1KB96ZP,I39XRT1FQJCAGO,Pagani Design GMT Automatic Mechanical Men's Watch Rotating Ceramic Bezel Stainless Steel Watch with Date Function Men's Sport Watch,150.00,USD,true
2026-08-27,B0D22JRHZB,B0D22JRHZB,ITKJWU73M7L42,"UGREEN DXP4800 Plus 4-Bay NAS for Families, Creators & Small Teams | 4K Home Media, File Server & Hardware Transcoding, Intel 8505, 8GB DDR5, 10GbE&2.5GbE, Built-in 128G SSD, 2xM.2 NVMe,Diskless",619.98,USD,true
2026-08-27,B0DPR9LBJC,B0DPR9LBJC,I3MW6G9YTMMTX8,Votivo White Tea & Bergamot 10 oz Signature Candle | Soy Wax Blend | Luxury Glass Jar & Box | Home Decor |Gifts | Highly Scented,44.00,USD,true
2026-08-27,B0DVZBR9TJ,B0DVZBR9TJ,I1Q4XIXONYIP0F,"BuzzTV P6 PowerStation Media Hub with 8GB DDR4 RAM, Expandable NVMe Storage, Android 13, Dual Quad-Core Processors, Wireless AX and BT-500 Smart Remote",,,false
2026-08-27,B0DWT9J5L3,B0DWT9J5L3,IU0Z3O3TRLWKG,"Toy Battle Board Game | Tactical Tile Placement and Troop Strategy Game with 8 Unique Terrains, Fun for Kids & Adults, Ages 8+, 2 Players, 15 Mins",26.99,USD,true
2026-08-27,B0FDZHJCS2,B0FDZHJCS2,IG0ZA3XP2DQ6T,"Thunderworks Games: FlipToons | an Animated Deck-Building Card Game! | Easy to Learn Board Game with Classic Cartoon Style | Portable Small Box Family Game for 1-4 Players, Ages 10+, 15-30 Minutes",19.95,USD,true
2026-08-27,B0FQFB8FMG,B0FQFB8FMG,I22142G5IOO2ZR,"Apple AirPods Pro 3 Wireless Earbuds with Active Noise Cancellation | Live Translation, Heart Rate Sensing, Hearing Aid Feature, Bluetooth Headphones, Spatial Audio, USB-C Charging",199.99,USD,true
2026-08-27,B0FQMJGS4T,B0FQMJGS4T,IV0UBMM295PGT,"Fellow Pirch Cappuccino Cups 6.5 oz, Set of 2, Weighted Glass - Amber | Handcrafted Espresso Cup Set for Latte Art & Espresso, Dishwasher and Microwave Safe, Curved Interior, Soda Lime Coffee Mugs",39.95,USD,true
2026-08-27,B0FT39RFJB,B0FT39RFJB,I3REJ2Z3EOJ3HD,"CoolGeek M1 Vertical CD Player for Wall & Desk, Transparent Industrial Art Decor, Hi-Fi Bluetooth Transmitter (Requires External Speaker), 8H Rechargeable Battery, Wire-Free Aesthetic",159.00,USD,true
2026-08-27,B0GTB3BMYQ,B0GTB3BMYQ,I1FL364PQOPWUS,"iRobot Roomba 105X Robot Vacuum & Mop Combo, AutoEmpty Dock, Self‑Emptying for Up to 75 Days, 70× Power‑Lifting Suction, Smart LiDAR Mapping, App & Voice Control, Ideal for Homes with Pets & Kids",327.97,USD,true
2026-08-27,B0H6B2D9G6,B0H6B2D9G6,I3CMIU8LX4AAL4,"8Bitdo FlipPad Mobile Gaming Controller for iPhone and Android | Flip-Style, USB-C Plug and Play, Vertical Mobile Gaming, Pocket-Ready and Case-Friendly, Tactile D-pad and ABXY controls",29.99,USD,true
2026-08-28,0300270968,0300270968,I3MRWHZEMQ9570,King Dollar: The Past and Future of the World's Dominant Currency,16.15,USD,true
2026-08-28,B00NX627HW,B00NX627HW,I39GQ1MYSMXZUB,"Carcassonne Tile Placement Strategy Board Game, 2-5 Players, 35 Min | For tile fans, build a medieval landscape, Meeple placement adds strategy each turn, Randomized tiles keep games different",31.99,USD,true
2026-08-28,B01LP0U5X0,B01LP0U5X0,IC4SNMHJX2KW,Amazon Basics Extra Thick Exercise Yoga Mat with Carrying Strap,22.48,USD,true
2026-08-28,B076QDH9MY,B076QDH9MY,IE2DRY6MIIVNN,Z-MAN Evergreen Jack Hammer Chatterbait 3/8 Oz,20.53,USD,true
2026-08-28,B079ZPLL97,B079ZPLL97,ISYIWW6FMCFC7,"ONO Roller - Handheld Fidget Toy for Adults | Help Relieve Stress, Anxiety, Tension | Promotes Focus, Clarity | Compact, Portable Design (Black, Full Size - Aluminum)",40.00,USD,true
2026-08-28,B07BL7JXHV,B07BL7JXHV,I10ABVCUFJXPGO,"Travelpro Maxlite 5 Softside Carry-On Luggage Spinner, Black, 21-Inch | Expandable With 4 Wheels, Lightweight & Versatile Travel Design, Men & Women",160.00,USD,true
2026-08-28,B07GNDDNMW,B07GNDDNMW,I3NSX8I0OF132Q,"SIHOO M18 Ergonomic Office Chair, Mesh Back Desk Chair with Headrest | Adjustable Lumbar Support, Hold 330lbs Computer Chair with 2D Armrests & Wide Cushion, Tilt Lock, for Home Office - Black",132.53,USD,true
2026-08-28,B07WCR5Y4B,B07WCR5Y4B,I36EXJIRO7KRZP,TempPro TempAir Digital Hygrometer Indoor Thermometer | Humidity Meter Room Thermometer with Temperature and Humidity Monitor Mini Hygrometer,9.99,USD,true
2026-08-28,B08F65MX4L,B08F65MX4L,IRYBV735I6FQY,"Asmodee 7 Wonders Board Game (New Edition) - Lead Your Civilization to Prosperity, Strategy Game for Kids and Adults, Ages 10+, 3-7 Players, 30 Minute Playtime",59.99,USD,true
2026-08-28,B08HLVDCZW,B08HLVDCZW,I2HHXMWKNI7UL1,"Piscifun Speed X Fishing Line Spool No Twist Adjustable Handle for Reels | Aluminium handle, Fits spinning/bait/spincast reels, Prevents line twists, Smooth unwinding for easy spooling",29.99,USD,true
2026-08-28,B093H8RGXX,B093H8RGXX,I1TLY12MG73F4K,"Cascadia, Award-Winning Cozy Nature Board Game Set in the Pacific Northwest | 1-4 Players, Ages 10+, 30-45 Mins, Relaxing Tile-Laying, Build Habitats, Place Wildlife & Create Wildlife Corridors",37.69,USD,true
2026-08-28,B095QX1FSR,B095QX1FSR,I1BNX13CZDTLV3,"Garmin Approach R10, Portable Golf Launch Monitor, Take Your Game Home, Indoors or to The Driving Range, Up to 10 Hours Battery Life - 010-02356-00",478.76,USD,true
2026-08-28,B09DDC7KMQ,B09DDC7KMQ,I225W0IRZJL69Z,Normcore 58.5mm Puck Screen - Lower Shower Screen - Metal Coffee Reusable Filter for Espresso Portafilter Filter Basket 58mm - 1.7mm Thickness 150μm - 316 Stainless Steel,13.99,USD,true
2026-08-28,B09GKTHBPH,B09GKTHBPH,I3H126LX6CX1OU,"Sorbus Soda Can Organizer for Fridge & Freezer, Stackable with Lid (2 Pack) | Clear dispenser holds 12 cans for refrigerator and pantry organization; secure lids and BPA-free construction.",29.99,USD,true
2026-08-28,B0BCHFHX6V,B0BCHFHX6V,IUQMUY60RAWMZ,Kinesis Advantage360 Split Ergonomic Keyboard - USB-C | Mechanical Switches | Fully Programmable | Contoured Shape | Adjustable Tenting | PBT Keycaps,479.00,USD,true
2026-08-28,B0BCHFSRN2,B0BCHFSRN2,IZBMRKWY7R120,Advantage360 Palm Pads - Magnetic | Cushioned Foam | Washable,35.80,USD,true
2026-08-28,B0BCHHCZ2J,B0BCHHCZ2J,I2XGMXYMDOHHFW,Advantage360 Blank Keycap Set - PBT Plastic | 76 Key Set | Logo Keycap Puller,50.00,USD,true
2026-08-28,B0BF7DXLBF,B0BF7DXLBF,IU77YZXOZZXDF,"Fellow Stagg EKG Pro Gooseneck Electric Kettle, Brew Timer, 0.9 Liter | To-the-Degree Temp Control, Color LCD, Temp Hold, Stainless Steel, for Pour-Over Coffee & Tea, Quick Heating, Matte Black",179.95,USD,true
2026-08-28,B0CF9THQDK,B0CF9THQDK,I36P0F0DU9IBU1,"Blue Tees Golf Player+ AI-Powered GPS Speaker - Touchscreen Display, 10+ Hour Battery, 40,000+ Courses, Visual & Audible Distances, Hazard Detection, IPX7 Waterproof (Black)",,,false
2026-08-28,B0CNSMHQ3J,B0CNSMHQ3J,I17R9K20M03SXX,LACZ DENTON Pagani Design DD40 PD1783 Men's Watches Luxury Automatic Watch Men AR Sapphire Glass Mechanical Wristwatch Men 10Bar Japan Movement,144.99,USD,true
2026-08-28,B0CP5RMFN7,B0CP5RMFN7,IRPDG2XCLM0NE,"RollsTimi Pagani Design DD40 PD1783 Watches for Men, Japanese Automatic Movement, Day/Date Calendar, Stainless Steel Bracelet, Sapphire Crystal, Luxury Men's Automatic Watch.",144.99,USD,true
2026-08-28,B0CXDTP94L,B0CXDTP94L,I1H5MQZOP9CES3,"68oz 304 Stainless Steel Deep Fryer Pot with Basket & Strainer, Large Capacity Bacon Grease Container for Kitchen,Frying, Cooking, Camping,Oil Filter Container - Dishwasher Safe (68oz/2L/2.1Qt)",21.59,USD,true
2026-08-28,B0D1KB96ZP,B0D1KB96ZP,I39XRT1FQJCAGO,Pagani Design GMT Automatic Mechanical Men's Watch Rotating Ceramic Bezel Stainless Steel Watch with Date Function Men's Sport Watch,150.00,USD,true
2026-08-28,B0D22JRHZB,B0D22JRHZB,ITKJWU73M7L42,"UGREEN DXP4800 Plus 4-Bay NAS for Families, Creators & Small Teams | 4K Home Media, File Server & Hardware Transcoding, Intel 8505, 8GB DDR5, 10GbE&2.5GbE, Built-in 128G SSD, 2xM.2 NVMe,Diskless",619.98,USD,true
2026-08-28,B0DPR9LBJC,B0DPR9LBJC,I3MW6G9YTMMTX8,Votivo White Tea & Bergamot 10 oz Signature Candle | Soy Wax Blend | Luxury Glass Jar & Box | Home Decor |Gifts | Highly Scented,44.00,USD,true
2026-08-28,B0DVZBR9TJ,B0DVZBR9TJ,I1Q4XIXONYIP0F,"BuzzTV P6 PowerStation Media Hub with 8GB DDR4 RAM, Expandable NVMe Storage, Android 13, Dual Quad-Core Processors, Wireless AX and BT-500 Smart Remote",,,false
2026-08-28,B0DWT9J5L3,B0DWT9J5L3,IU0Z3O3TRLWKG,"Toy Battle Board Game | Tactical Tile Placement and Troop Strategy Game with 8 Unique Terrains, Fun for Kids & Adults, Ages 8+, 2 Players, 15 Mins",26.99,USD,true
2026-08-28,B0FDZHJCS2,B0FDZHJCS2,IG0ZA3XP2DQ6T,"Thunderworks Games: FlipToons | an Animated Deck-Building Card Game! | Easy to Learn Board Game with Classic Cartoon Style | Portable Small Box Family Game for 1-4 Players, Ages 10+, 15-30 Minutes",19.95,USD,true
2026-08-28,B0FQFB8FMG,B0FQFB8FMG,I22142G5IOO2ZR,"Apple AirPods Pro 3 Wireless Earbuds with Active Noise Cancellation | Live Translation, Heart Rate Sensing, Hearing Aid Feature, Bluetooth Headphones, Spatial Audio, USB-C Charging",199.99,USD,true
2026-08-28,B0FQMJGS4T,B0FQMJGS4T,IV0UBMM295PGT,"Fellow Pirch Cappuccino Cups 6.5 oz, Set of 2, Weighted Glass - Amber | Handcrafted Espresso Cup Set for Latte Art & Espresso, Dishwasher and Microwave Safe, Curved Interior, Soda Lime Coffee Mugs",39.95,USD,true
2026-08-28,B0FT39RFJB,B0FT39RFJB,I3REJ2Z3EOJ3HD,"CoolGeek M1 Vertical CD Player for Wall & Desk, Transparent Industrial Art Decor, Hi-Fi Bluetooth Transmitter (Requires External Speaker), 8H Rechargeable Battery, Wire-Free Aesthetic",159.00,USD,true
2026-08-28,B0GTB3BMYQ,B0GTB3BMYQ,I1FL364PQOPWUS,"iRobot Roomba 105X Robot Vacuum & Mop Combo, AutoEmpty Dock, Self‑Emptying for Up to 75 Days, 70× Power‑Lifting Suction, Smart LiDAR Mapping, App & Voice Control, Ideal for Homes with Pets & Kids",314.99,USD,true
2026-08-28,B0H6B2D9G6,B0H6B2D9G6,I3CMIU8LX4AAL4,"8Bitdo FlipPad Mobile Gaming Controller for iPhone and Android | Flip-Style, USB-C Plug and Play, Vertical Mobile Gaming, Pocket-Ready and Case-Friendly, Tactile D-pad and ABXY controls",29.99,USD,true
2026-08-29,0300270968,0300270968,I3MRWHZEMQ9570,King Dollar: The Past and Future of the World's Dominant Currency,16.15,USD,true
2026-08-29,B00NX627HW,B00NX627HW,I39GQ1MYSMXZUB,"Carcassonne Tile Placement Strategy Board Game, 2-5 Players, 35 Min | For tile fans, build a medieval landscape, Meeple placement adds strategy each turn, Randomized tiles keep games different",31.99,USD,true
2026-08-29,B01LP0U5X0,B01LP0U5X0,IC4SNMHJX2KW,Amazon Basics Extra Thick Exercise Yoga Mat with Carrying Strap,20.99,USD,true
2026-08-29,B076QDH9MY,B076QDH9MY,IE2DRY6MIIVNN,Z-MAN Evergreen Jack Hammer Chatterbait 3/8 Oz,20.53,USD,true
2026-08-29,B079ZPLL97,B079ZPLL97,ISYIWW6FMCFC7,"ONO Roller - Handheld Fidget Toy for Adults | Help Relieve Stress, Anxiety, Tension | Promotes Focus, Clarity | Compact, Portable Design (Black, Full Size - Aluminum)",40.00,USD,true
2026-08-29,B07BL7JXHV,B07BL7JXHV,I10ABVCUFJXPGO,"Travelpro Maxlite 5 Softside Carry-On Luggage Spinner, Black, 21-Inch | Expandable With 4 Wheels, Lightweight & Versatile Travel Design, Men & Women",160.00,USD,true
2026-08-29,B07GNDDNMW,B07GNDDNMW,I3NSX8I0OF132Q,"SIHOO M18 Ergonomic Office Chair, Mesh Back Desk Chair with Headrest | Adjustable Lumbar Support, Hold 330lbs Computer Chair with 2D Armrests & Wide Cushion, Tilt Lock, for Home Office - Black",132.53,USD,true
2026-08-29,B07WCR5Y4B,B07WCR5Y4B,I36EXJIRO7KRZP,TempPro TempAir Digital Hygrometer Indoor Thermometer | Humidity Meter Room Thermometer with Temperature and Humidity Monitor Mini Hygrometer,9.99,USD,true
2026-08-29,B08F65MX4L,B08F65MX4L,IRYBV735I6FQY,"Asmodee 7 Wonders Board Game (New Edition) - Lead Your Civilization to Prosperity, Strategy Game for Kids and Adults, Ages 10+, 3-7 Players, 30 Minute Playtime",59.99,USD,true
2026-08-29,B08HLVDCZW,B08HLVDCZW,I2HHXMWKNI7UL1,"Piscifun Speed X Fishing Line Spool No Twist Adjustable Handle for Reels | Aluminium handle, Fits spinning/bait/spincast reels, Prevents line twists, Smooth unwinding for easy spooling",29.99,USD,true
2026-08-29,B093H8RGXX,B093H8RGXX,I1TLY12MG73F4K,"Cascadia, Award-Winning Cozy Nature Board Game Set in the Pacific Northwest | 1-4 Players, Ages 10+, 30-45 Mins, Relaxing Tile-Laying, Build Habitats, Place Wildlife & Create Wildlife Corridors",37.64,USD,true
2026-08-29,B095QX1FSR,B095QX1FSR,I1BNX13CZDTLV3,"Garmin Approach R10, Portable Golf Launch Monitor, Take Your Game Home, Indoors or to The Driving Range, Up to 10 Hours Battery Life - 010-02356-00",478.76,USD,true
2026-08-29,B09DDC7KMQ,B09DDC7KMQ,I225W0IRZJL69Z,Normcore 58.5mm Puck Screen - Lower Shower Screen - Metal Coffee Reusable Filter for Espresso Portafilter Filter Basket 58mm - 1.7mm Thickness 150μm - 316 Stainless Steel,13.99,USD,true
2026-08-29,B09GKTHBPH,B09GKTHBPH,I3H126LX6CX1OU,"Sorbus Soda Can Organizer for Fridge & Freezer, Stackable with Lid (2 Pack) | Clear dispenser holds 12 cans for refrigerator and pantry organization; secure lids and BPA-free construction.",29.99,USD,true
2026-08-29,B0BCHFHX6V,B0BCHFHX6V,IUQMUY60RAWMZ,Kinesis Advantage360 Split Ergonomic Keyboard - USB-C | Mechanical Switches | Fully Programmable | Contoured Shape | Adjustable Tenting | PBT Keycaps,479.00,USD,true
2026-08-29,B0BCHFSRN2,B0BCHFSRN2,IZBMRKWY7R120,Advantage360 Palm Pads - Magnetic | Cushioned Foam | Washable,35.80,USD,true
2026-08-29,B0BCHHCZ2J,B0BCHHCZ2J,I2XGMXYMDOHHFW,Advantage360 Blank Keycap Set - PBT Plastic | 76 Key Set | Logo Keycap Puller,50.00,USD,true
2026-08-29,B0BF7DXLBF,B0BF7DXLBF,IU77YZXOZZXDF,"Fellow Stagg EKG Pro Gooseneck Electric Kettle, Brew Timer, 0.9 Liter | To-the-Degree Temp Control, Color LCD, Temp Hold, Stainless Steel, for Pour-Over Coffee & Tea, Quick Heating, Matte Black",179.95,USD,true
2026-08-29,B0CF9THQDK,B0CF9THQDK,I36P0F0DU9IBU1,"Blue Tees Golf Player+ AI-Powered GPS Speaker - Touchscreen Display, 10+ Hour Battery, 40,000+ Courses, Visual & Audible Distances, Hazard Detection, IPX7 Waterproof (Black)",,,false
2026-08-29,B0CNSMHQ3J,B0CNSMHQ3J,I17R9K20M03SXX,LACZ DENTON Pagani Design DD40 PD1783 Men's Watches Luxury Automatic Watch Men AR Sapphire Glass Mechanical Wristwatch Men 10Bar Japan Movement,144.99,USD,true
2026-08-29,B0CP5RMFN7,B0CP5RMFN7,IRPDG2XCLM0NE,"RollsTimi Pagani Design DD40 PD1783 Watches for Men, Japanese Automatic Movement, Day/Date Calendar, Stainless Steel Bracelet, Sapphire Crystal, Luxury Men's Automatic Watch.",144.99,USD,true
2026-08-29,B0CXDTP94L,B0CXDTP94L,I1H5MQZOP9CES3,"68oz 304 Stainless Steel Deep Fryer Pot with Basket & Strainer, Large Capacity Bacon Grease Container for Kitchen,Frying, Cooking, Camping,Oil Filter Container - Dishwasher Safe (68oz/2L/2.1Qt)",21.59,USD,true
2026-08-29,B0D1KB96ZP,B0D1KB96ZP,I39XRT1FQJCAGO,Pagani Design GMT Automatic Mechanical Men's Watch Rotating Ceramic Bezel Stainless Steel Watch with Date Function Men's Sport Watch,150.00,USD,true
2026-08-29,B0D22JRHZB,B0D22JRHZB,ITKJWU73M7L42,"UGREEN DXP4800 Plus 4-Bay NAS for Families, Creators & Small Teams | 4K Home Media, File Server & Hardware Transcoding, Intel 8505, 8GB DDR5, 10GbE&2.5GbE, Built-in 128G SSD, 2xM.2 NVMe,Diskless",619.98,USD,true
2026-08-29,B0DPR9LBJC,B0DPR9LBJC,I3MW6G9YTMMTX8,Votivo White Tea & Bergamot 10 oz Signature Candle | Soy Wax Blend | Luxury Glass Jar & Box | Home Decor |Gifts | Highly Scented,44.00,USD,true
2026-08-29,B0DVZBR9TJ,B0DVZBR9TJ,I1Q4XIXONYIP0F,"BuzzTV P6 PowerStation Media Hub with 8GB DDR4 RAM, Expandable NVMe Storage, Android 13, Dual Quad-Core Processors, Wireless AX and BT-500 Smart Remote",,,false
2026-08-29,B0DWT9J5L3,B0DWT9J5L3,IU0Z3O3TRLWKG,"Toy Battle Board Game | Tactical Tile Placement and Troop Strategy Game with 8 Unique Terrains, Fun for Kids & Adults, Ages 8+, 2 Players, 15 Mins",26.99,USD,true
2026-08-29,B0FDZHJCS2,B0FDZHJCS2,IG0ZA3XP2DQ6T,"Thunderworks Games: FlipToons | an Animated Deck-Building Card Game! | Easy to Learn Board Game with Classic Cartoon Style | Portable Small Box Family Game for 1-4 Players, Ages 10+, 15-30 Minutes",19.95,USD,true
2026-08-29,B0FQFB8FMG,B0FQFB8FMG,I22142G5IOO2ZR,"Apple AirPods Pro 3 Wireless Earbuds with Active Noise Cancellation | Live Translation, Heart Rate Sensing, Hearing Aid Feature, Bluetooth Headphones, Spatial Audio, USB-C Charging",199.99,USD,true
2026-08-29,B0FQMJGS4T,B0FQMJGS4T,IV0UBMM295PGT,"Fellow Pirch Cappuccino Cups 6.5 oz, Set of 2, Weighted Glass - Amber | Handcrafted Espresso Cup Set for Latte Art & Espresso, Dishwasher and Microwave Safe, Curved Interior, Soda Lime Coffee Mugs",39.95,USD,true
2026-08-29,B0FT39RFJB,B0FT39RFJB,I3REJ2Z3EOJ3HD,"CoolGeek M1 Vertical CD Player for Wall & Desk, Transparent Industrial Art Decor, Hi-Fi Bluetooth Transmitter (Requires External Speaker), 8H Rechargeable Battery, Wire-Free Aesthetic",159.00,USD,true
2026-08-29,B0GTB3BMYQ,B0GTB3BMYQ,I1FL364PQOPWUS,"iRobot Roomba 105X Robot Vacuum & Mop Combo, AutoEmpty Dock, Self‑Emptying for Up to 75 Days, 70× Power‑Lifting Suction, Smart LiDAR Mapping, App & Voice Control, Ideal for Homes with Pets & Kids",327.92,USD,true
2026-08-29,B0H6B2D9G6,B0H6B2D9G6,I3CMIU8LX4AAL4,"8Bitdo FlipPad Mobile Gaming Controller for iPhone and Android | Flip-Style, USB-C Plug and Play, Vertical Mobile Gaming, Pocket-Ready and Case-Friendly, Tactile D-pad and ABXY controls",29.99,USD,true
2026-08-30,0300270968,0300270968,I3MRWHZEMQ9570,King Dollar: The Past and Future of the World's Dominant Currency,16.15,USD,true
2026-08-30,B001RBTSMM,B001RBTSMM,I3FCZD72VB4QBT,"HARIO V60 Plastic Coffee Dripper, Size 02, Clear | Plastic",11.54,USD,true
2026-08-30,B00NX627HW,B00NX627HW,I39GQ1MYSMXZUB,"Carcassonne Tile Placement Strategy Board Game, 2-5 Players, 35 Min | For tile fans, build a medieval landscape, Meeple placement adds strategy each turn, Randomized tiles keep games different",32.88,USD,true
2026-08-30,B076QDH9MY,B076QDH9MY,IE2DRY6MIIVNN,Z-MAN Evergreen Jack Hammer Chatterbait 3/8 Oz,20.53,USD,true
2026-08-30,B079ZPLL97,B079ZPLL97,ISYIWW6FMCFC7,"ONO Roller - Handheld Fidget Toy for Adults | Help Relieve Stress, Anxiety, Tension | Promotes Focus, Clarity | Compact, Portable Design (Black, Full Size - Aluminum)",40.00,USD,true
2026-08-30,B07BL7JXHV,B07BL7JXHV,I10ABVCUFJXPGO,"Travelpro Maxlite 5 Softside Carry-On Luggage Spinner, Black, 21-Inch | Expandable With 4 Wheels, Lightweight & Versatile Travel Design, Men & Women",160.00,USD,true
2026-08-30,B07GNDDNMW,B07GNDDNMW,I3NSX8I0OF132Q,"SIHOO M18 Ergonomic Office Chair, Mesh Back Desk Chair with Headrest | Adjustable Lumbar Support, Hold 330lbs Computer Chair with 2D Armrests & Wide Cushion, Tilt Lock, for Home Office - Black",132.53,USD,true
2026-08-30,B07WCR5Y4B,B07WCR5Y4B,I36EXJIRO7KRZP,TempPro TempAir Digital Hygrometer Indoor Thermometer | Humidity Meter Room Thermometer with Temperature and Humidity Monitor Mini Hygrometer,9.99,USD,true
2026-08-30,B08F65MX4L,B08F65MX4L,IRYBV735I6FQY,"Asmodee 7 Wonders Board Game (New Edition) - Lead Your Civilization to Prosperity, Strategy Game for Kids and Adults, Ages 10+, 3-7 Players, 30 Minute Playtime",59.99,USD,true
2026-08-30,B08HLVDCZW,B08HLVDCZW,I2HHXMWKNI7UL1,"Piscifun Speed X Fishing Line Spool No Twist Adjustable Handle for Reels | Aluminium handle, Fits spinning/bait/spincast reels, Prevents line twists, Smooth unwinding for easy spooling",29.99,USD,true
2026-08-30,B093H8RGXX,B093H8RGXX,I1TLY12MG73F4K,"Cascadia, Award-Winning Cozy Nature Board Game Set in the Pacific Northwest | 1-4 Players, Ages 10+, 30-45 Mins, Relaxing Tile-Laying, Build Habitats, Place Wildlife & Create Wildlife Corridors",37.60,USD,true
2026-08-30,B095QX1FSR,B095QX1FSR,I1BNX13CZDTLV3,"Garmin Approach R10, Portable Golf Launch Monitor, Take Your Game Home, Indoors or to The Driving Range, Up to 10 Hours Battery Life - 010-02356-00",482.66,USD,true
2026-08-30,B09DDC7KMQ,B09DDC7KMQ,I225W0IRZJL69Z,Normcore 58.5mm Puck Screen - Lower Shower Screen - Metal Coffee Reusable Filter for Espresso Portafilter Filter Basket 58mm - 1.7mm Thickness 150μm - 316 Stainless Steel,13.99,USD,true
2026-08-30,B09GKTHBPH,B09GKTHBPH,I3H126LX6CX1OU,"Sorbus Soda Can Organizer for Fridge & Freezer, Stackable with Lid (2 Pack) | Clear dispenser holds 12 cans for refrigerator and pantry organization; secure lids and BPA-free construction.",29.99,USD,true
2026-08-30,B0BCHFHX6V,B0BCHFHX6V,IUQMUY60RAWMZ,Kinesis Advantage360 Split Ergonomic Keyboard - USB-C | Mechanical Switches | Fully Programmable | Contoured Shape | Adjustable Tenting | PBT Keycaps,479.00,USD,true
2026-08-30,B0BCHFSRN2,B0BCHFSRN2,IZBMRKWY7R120,Advantage360 Palm Pads - Magnetic | Cushioned Foam | Washable,35.80,USD,true
2026-08-30,B0BCHHCZ2J,B0BCHHCZ2J,I2XGMXYMDOHHFW,Advantage360 Blank Keycap Set - PBT Plastic | 76 Key Set | Logo Keycap Puller,50.00,USD,true
2026-08-30,B0BF7DXLBF,B0BF7DXLBF,IU77YZXOZZXDF,"Fellow Stagg EKG Pro Gooseneck Electric Kettle, Brew Timer, 0.9 Liter | To-the-Degree Temp Control, Color LCD, Temp Hold, Stainless Steel, for Pour-Over Coffee & Tea, Quick Heating, Matte Black",179.95,USD,true
2026-08-30,B0CF9THQDK,B0CF9THQDK,I36P0F0DU9IBU1,"Blue Tees Golf Player+ AI-Powered GPS Speaker - Touchscreen Display, 10+ Hour Battery, 40,000+ Courses, Visual & Audible Distances, Hazard Detection, IPX7 Waterproof (Black)",,,false
2026-08-30,B0CNSMHQ3J,B0CNSMHQ3J,I17R9K20M03SXX,LACZ DENTON Pagani Design DD40 PD1783 Men's Watches Luxury Automatic Watch Men AR Sapphire Glass Mechanical Wristwatch Men 10Bar Japan Movement,144.99,USD,true
2026-08-30,B0CP5RMFN7,B0CP5RMFN7,IRPDG2XCLM0NE,"RollsTimi Pagani Design DD40 PD1783 Watches for Men, Japanese Automatic Movement, Day/Date Calendar, Stainless Steel Bracelet, Sapphire Crystal, Luxury Men's Automatic Watch.",144.99,USD,true
2026-08-30,B0CXDTP94L,B0CXDTP94L,I1H5MQZOP9CES3,"68oz 304 Stainless Steel Deep Fryer Pot with Basket & Strainer, Large Capacity Bacon Grease Container for Kitchen,Frying, Cooking, Camping,Oil Filter Container - Dishwasher Safe (68oz/2L/2.1Qt)",21.59,USD,true
2026-08-30,B0D1KB96ZP,B0D1KB96ZP,I39XRT1FQJCAGO,Pagani Design GMT Automatic Mechanical Men's Watch Rotating Ceramic Bezel Stainless Steel Watch with Date Function Men's Sport Watch,150.00,USD,true
2026-08-30,B0D22JRHZB,B0D22JRHZB,ITKJWU73M7L42,"UGREEN DXP4800 Plus 4-Bay NAS for Families, Creators & Small Teams | 4K Home Media, File Server & Hardware Transcoding, Intel 8505, 8GB DDR5, 10GbE&2.5GbE, Built-in 128G SSD, 2xM.2 NVMe,Diskless",619.98,USD,true
2026-08-30,B0DPR9LBJC,B0DPR9LBJC,I3MW6G9YTMMTX8,Votivo White Tea & Bergamot 10 oz Signature Candle | Soy Wax Blend | Luxury Glass Jar & Box | Home Decor |Gifts | Highly Scented,44.00,USD,true
2026-08-30,B0DVZBR9TJ,B0DVZBR9TJ,I1Q4XIXONYIP0F,"BuzzTV P6 PowerStation Media Hub with 8GB DDR4 RAM, Expandable NVMe Storage, Android 13, Dual Quad-Core Processors, Wireless AX and BT-500 Smart Remote",,,false
2026-08-30,B0DWT9J5L3,B0DWT9J5L3,IU0Z3O3TRLWKG,"Toy Battle Board Game | Tactical Tile Placement and Troop Strategy Game with 8 Unique Terrains, Fun for Kids & Adults, Ages 8+, 2 Players, 15 Mins",26.99,USD,true
2026-08-30,B0FDZHJCS2,B0FDZHJCS2,IG0ZA3XP2DQ6T,"Thunderworks Games: FlipToons | an Animated Deck-Building Card Game! | Easy to Learn Board Game with Classic Cartoon Style | Portable Small Box Family Game for 1-4 Players, Ages 10+, 15-30 Minutes",19.95,USD,true
2026-08-30,B0FQFB8FMG,B0FQFB8FMG,I22142G5IOO2ZR,"Apple AirPods Pro 3 Wireless Earbuds with Active Noise Cancellation | Live Translation, Heart Rate Sensing, Hearing Aid Feature, Bluetooth Headphones, Spatial Audio, USB-C Charging",199.99,USD,true
2026-08-30,B0FQMJGS4T,B0FQMJGS4T,IV0UBMM295PGT,"Fellow Pirch Cappuccino Cups 6.5 oz, Set of 2, Weighted Glass - Amber | Handcrafted Espresso Cup Set for Latte Art & Espresso, Dishwasher and Microwave Safe, Curved Interior, Soda Lime Coffee Mugs",39.95,USD,true
2026-08-30,B0FT39RFJB,B0FT39RFJB,I3REJ2Z3EOJ3HD,"CoolGeek M1 Vertical CD Player for Wall & Desk, Transparent Industrial Art Decor, Hi-Fi Bluetooth Transmitter (Requires External Speaker), 8H Rechargeable Battery, Wire-Free Aesthetic",159.00,USD,true
2026-08-30,B0GTB3BMYQ,B0GTB3BMYQ,I1FL364PQOPWUS,"iRobot Roomba 105X Robot Vacuum & Mop Combo, AutoEmpty Dock, Self‑Emptying for Up to 75 Days, 70× Power‑Lifting Suction, Smart LiDAR Mapping, App & Voice Control, Ideal for Homes with Pets & Kids",314.99,USD,true
2026-08-30,B0H6B2D9G6,B0H6B2D9G6,I3CMIU8LX4AAL4,"8Bitdo FlipPad Mobile Gaming Controller for iPhone and Android | Flip-Style, USB-C Plug and Play, Vertical Mobile Gaming, Pocket-Ready and Case-Friendly, Tactile D-pad and ABXY controls",29.99,USD,true
2026-09-01,0300270968,0300270968,I3MRWHZEMQ9570,King Dollar: The Past and Future of the World's Dominant Currency,16.15,USD,true
2026-09-01,B001RBTSMM,B001RBTSMM,I3FCZD72VB4QBT,"HARIO V60 Plastic Coffee Dripper, Size 02, Clear | Plastic",11.54,USD,true
2026-09-01,B00NX627HW,B00NX627HW,I39GQ1MYSMXZUB,"Carcassonne Tile Placement Strategy Board Game, 2-5 Players, 35 Min | For tile fans, build a medieval landscape, Meeple placement adds strategy each turn, Randomized tiles keep games different",32.88,USD,true
2026-09-01,B076QDH9MY,B076QDH9MY,IE2DRY6MIIVNN,Z-MAN Evergreen Jack Hammer Chatterbait 3/8 Oz,20.99,USD,true
2026-09-01,B079ZPLL97,B079ZPLL97,ISYIWW6FMCFC7,"ONO Roller - Handheld Fidget Toy for Adults | Help Relieve Stress, Anxiety, Tension | Promotes Focus, Clarity | Compact, Portable Design (Black, Full Size - Aluminum)",40.00,USD,true
2026-09-01,B07BL7JXHV,B07BL7JXHV,I10ABVCUFJXPGO,"Travelpro Maxlite 5 Softside Carry-On Luggage Spinner, Black, 21-Inch | Expandable With 4 Wheels, Lightweight & Versatile Travel Design, Men & Women",160.00,USD,true
2026-09-01,B07GNDDNMW,B07GNDDNMW,I3NSX8I0OF132Q,"SIHOO M18 Ergonomic Office Chair, Mesh Back Desk Chair with Headrest | Adjustable Lumbar Support, Hold 330lbs Computer Chair with 2D Armrests & Wide Cushion, Tilt Lock, for Home Office - Black",146.99,USD,true
2026-09-01,B07WCR5Y4B,B07WCR5Y4B,I36EXJIRO7KRZP,TempPro TempAir Digital Hygrometer Indoor Thermometer | Humidity Meter Room Thermometer with Temperature and Humidity Monitor Mini Hygrometer,9.99,USD,true
2026-09-01,B08F65MX4L,B08F65MX4L,IRYBV735I6FQY,"Asmodee 7 Wonders Board Game (New Edition) - Lead Your Civilization to Prosperity, Strategy Game for Kids and Adults, Ages 10+, 3-7 Players, 30 Minute Playtime",59.99,USD,true
2026-09-01,B08HLVDCZW,B08HLVDCZW,I2HHXMWKNI7UL1,"Piscifun Speed X Fishing Line Spool No Twist Adjustable Handle for Reels | Aluminium handle, Fits spinning/bait/spincast reels, Prevents line twists, Smooth unwinding for easy spooling",29.99,USD,true
2026-09-01,B093H8RGXX,B093H8RGXX,I1TLY12MG73F4K,"Cascadia, Award-Winning Cozy Nature Board Game Set in the Pacific Northwest | 1-4 Players, Ages 10+, 30-45 Mins, Relaxing Tile-Laying, Build Habitats, Place Wildlife & Create Wildlife Corridors",37.61,USD,true
2026-09-01,B095QX1FSR,B095QX1FSR,I1BNX13CZDTLV3,"Garmin Approach R10, Portable Golf Launch Monitor, Take Your Game Home, Indoors or to The Driving Range, Up to 10 Hours Battery Life - 010-02356-00",482.66,USD,true
2026-09-01,B09BTLP4P1,B09BTLP4P1,I3496FGAMW5MFT,"Normcore 58.5mm Coffee Tamper V4 - Spring-Loaded Tamper with 15lb / 25lb / 30lbs Replacement Springs - Anodized Aluminum Handle and Stand - Stainless Steel Flat Base,Black",42.99,USD,true
2026-09-01,B09DDC7KMQ,B09DDC7KMQ,I225W0IRZJL69Z,Normcore 58.5mm Puck Screen - Lower Shower Screen - Metal Coffee Reusable Filter for Espresso Portafilter Filter Basket 58mm - 1.7mm Thickness 150μm - 316 Stainless Steel,13.99,USD,true
2026-09-01,B09GKTHBPH,B09GKTHBPH,I3H126LX6CX1OU,"Sorbus Soda Can Organizer for Fridge & Freezer, Stackable with Lid (2 Pack) | Clear dispenser holds 12 cans for refrigerator and pantry organization; secure lids and BPA-free construction.",29.99,USD,true
2026-09-01,B0BCHFHX6V,B0BCHFHX6V,IUQMUY60RAWMZ,Kinesis Advantage360 Split Ergonomic Keyboard - USB-C | Mechanical Switches | Fully Programmable | Contoured Shape | Adjustable Tenting | PBT Keycaps,479.00,USD,true
2026-09-01,B0BCHFSRN2,B0BCHFSRN2,IZBMRKWY7R120,Advantage360 Palm Pads - Magnetic | Cushioned Foam | Washable,35.80,USD,true
2026-09-01,B0BCHHCZ2J,B0BCHHCZ2J,I2XGMXYMDOHHFW,Advantage360 Blank Keycap Set - PBT Plastic | 76 Key Set | Logo Keycap Puller,50.00,USD,true
2026-09-01,B0BF7DXLBF,B0BF7DXLBF,IU77YZXOZZXDF,"Fellow Stagg EKG Pro Gooseneck Electric Kettle, Brew Timer, 0.9 Liter | To-the-Degree Temp Control, Color LCD, Temp Hold, Stainless Steel, for Pour-Over Coffee & Tea, Quick Heating, Matte Black",179.95,USD,true
2026-09-01,B0CF9THQDK,B0CF9THQDK,I36P0F0DU9IBU1,"Blue Tees Golf Player+ AI-Powered GPS Speaker - Touchscreen Display, 10+ Hour Battery, 40,000+ Courses, Visual & Audible Distances, Hazard Detection, IPX7 Waterproof (Black)",169.98,USD,true
2026-09-01,B0CNSMHQ3J,B0CNSMHQ3J,I17R9K20M03SXX,LACZ DENTON Pagani Design DD40 PD1783 Men's Watches Luxury Automatic Watch Men AR Sapphire Glass Mechanical Wristwatch Men 10Bar Japan Movement,144.99,USD,true
2026-09-01,B0CP5RMFN7,B0CP5RMFN7,IRPDG2XCLM0NE,"RollsTimi Pagani Design DD40 PD1783 Watches for Men, Japanese Automatic Movement, Day/Date Calendar, Stainless Steel Bracelet, Sapphire Crystal, Luxury Men's Automatic Watch.",144.99,USD,true
2026-09-01,B0CXDTP94L,B0CXDTP94L,I1H5MQZOP9CES3,"68oz 304 Stainless Steel Deep Fryer Pot with Basket & Strainer, Large Capacity Bacon Grease Container for Kitchen,Frying, Cooking, Camping,Oil Filter Container - Dishwasher Safe (68oz/2L/2.1Qt)",21.59,USD,true
2026-09-01,B0D1KB96ZP,B0D1KB96ZP,I39XRT1FQJCAGO,Pagani Design GMT Automatic Mechanical Men's Watch Rotating Ceramic Bezel Stainless Steel Watch with Date Function Men's Sport Watch,150.00,USD,true
2026-09-01,B0D22JRHZB,B0D22JRHZB,ITKJWU73M7L42,"UGREEN DXP4800 Plus 4-Bay NAS for Families, Creators & Small Teams | 4K Home Media, File Server & Hardware Transcoding, Intel 8505, 8GB DDR5, 10GbE&2.5GbE, Built-in 128G SSD, 2xM.2 NVMe,Diskless",619.99,USD,true
2026-09-01,B0DPR9LBJC,B0DPR9LBJC,I3MW6G9YTMMTX8,Votivo White Tea & Bergamot 10 oz Signature Candle | Soy Wax Blend | Luxury Glass Jar & Box | Home Decor |Gifts | Highly Scented,44.00,USD,true
2026-09-01,B0DVZBR9TJ,B0DVZBR9TJ,I1Q4XIXONYIP0F,"BuzzTV P6 PowerStation Media Hub with 8GB DDR4 RAM, Expandable NVMe Storage, Android 13, Dual Quad-Core Processors, Wireless AX and BT-500 Smart Remote",,,false
2026-09-01,B0DWT9J5L3,B0DWT9J5L3,IU0Z3O3TRLWKG,"Toy Battle Board Game | Tactical Tile Placement and Troop Strategy Game with 8 Unique Terrains, Fun for Kids & Adults, Ages 8+, 2 Players, 15 Mins",26.99,USD,true
2026-09-01,B0FDZHJCS2,B0FDZHJCS2,IG0ZA3XP2DQ6T,"Thunderworks Games: FlipToons | an Animated Deck-Building Card Game! | Easy to Learn Board Game with Classic Cartoon Style | Portable Small Box Family Game for 1-4 Players, Ages 10+, 15-30 Minutes",18.95,USD,true
2026-09-01,B0FQFB8FMG,B0FQFB8FMG,I22142G5IOO2ZR,"Apple AirPods Pro 3 Wireless Earbuds with Active Noise Cancellation | Live Translation, Heart Rate Sensing, Hearing Aid Feature, Bluetooth Headphones, Spatial Audio, USB-C Charging",225.00,USD,true
2026-09-01,B0FQMJGS4T,B0FQMJGS4T,IV0UBMM295PGT,"Fellow Pirch Cappuccino Cups 6.5 oz, Set of 2, Weighted Glass - Amber | Handcrafted Espresso Cup Set for Latte Art & Espresso, Dishwasher and Microwave Safe, Curved Interior, Soda Lime Coffee Mugs",39.95,USD,true
2026-09-01,B0FT39RFJB,B0FT39RFJB,I3REJ2Z3EOJ3HD,"CoolGeek M1 Vertical CD Player for Wall & Desk, Transparent Industrial Art Decor, Hi-Fi Bluetooth Transmitter (Requires External Speaker), 8H Rechargeable Battery, Wire-Free Aesthetic",159.00,USD,true
2026-09-01,B0GTB3BMYQ,B0GTB3BMYQ,I1FL364PQOPWUS,"iRobot Roomba 105X Robot Vacuum & Mop Combo, AutoEmpty Dock, Self‑Emptying for Up to 75 Days, 70× Power‑Lifting Suction, Smart LiDAR Mapping, App & Voice Control, Ideal for Homes with Pets & Kids",307.50,USD,true
2026-09-01,B0H6B2D9G6,B0H6B2D9G6,I3CMIU8LX4AAL4,"8Bitdo FlipPad Mobile Gaming Controller for iPhone and Android | Flip-Style, USB-C Plug and Play, Vertical Mobile Gaming, Pocket-Ready and Case-Friendly, Tactile D-pad and ABXY controls",29.99,USD,true
2026-09-02,0300270968,0300270968,I3MRWHZEMQ9570,King Dollar: The Past and Future of the World's Dominant Currency,16.15,USD,true
2026-09-02,B001RBTSMM,B001RBTSMM,I3FCZD72VB4QBT,"HARIO V60 Plastic Coffee Dripper, Size 02, Clear | Plastic",12.06,USD,true
2026-09-02,B00NX627HW,B00NX627HW,I39GQ1MYSMXZUB,"Carcassonne Tile Placement Strategy Board Game, 2-5 Players, 35 Min | For tile fans, build a medieval landscape, Meeple placement adds strategy each turn, Randomized tiles keep games different",32.88,USD,true
2026-09-02,B076QDH9MY,B076QDH9MY,IE2DRY6MIIVNN,Z-MAN Evergreen Jack Hammer Chatterbait 3/8 Oz,20.99,USD,true
2026-09-02,B079ZPLL97,B079ZPLL97,ISYIWW6FMCFC7,"ONO Roller - Handheld Fidget Toy for Adults | Help Relieve Stress, Anxiety, Tension | Promotes Focus, Clarity | Compact, Portable Design (Black, Full Size - Aluminum)",40.00,USD,true
2026-09-02,B07BL7JXHV,B07BL7JXHV,I10ABVCUFJXPGO,"Travelpro Maxlite 5 Softside Carry-On Luggage Spinner, Black, 21-Inch | Expandable With 4 Wheels, Lightweight & Versatile Travel Design, Men & Women",160.00,USD,true
2026-09-02,B07GNDDNMW,B07GNDDNMW,I3NSX8I0OF132Q,"SIHOO M18 Ergonomic Office Chair, Mesh Back Desk Chair with Headrest | Adjustable Lumbar Support, Hold 330lbs Computer Chair with 2D Armrests & Wide Cushion, Tilt Lock, for Home Office - Black",146.99,USD,true
2026-09-02,B07WCR5Y4B,B07WCR5Y4B,I36EXJIRO7KRZP,TempPro TempAir Digital Hygrometer Indoor Thermometer | Humidity Meter Room Thermometer with Temperature and Humidity Monitor Mini Hygrometer,9.99,USD,true
2026-09-02,B08F65MX4L,B08F65MX4L,IRYBV735I6FQY,"Asmodee 7 Wonders Board Game (New Edition) - Lead Your Civilization to Prosperity, Strategy Game for Kids and Adults, Ages 10+, 3-7 Players, 30 Minute Playtime",59.99,USD,true
2026-09-02,B08HLVDCZW,B08HLVDCZW,I2HHXMWKNI7UL1,"Piscifun Speed X Fishing Line Spool No Twist Adjustable Handle for Reels | Aluminium handle, Fits spinning/bait/spincast reels, Prevents line twists, Smooth unwinding for easy spooling",29.99,USD,true
2026-09-02,B093H8RGXX,B093H8RGXX,I1TLY12MG73F4K,"Cascadia, Award-Winning Cozy Nature Board Game Set in the Pacific Northwest | 1-4 Players, Ages 10+, 30-45 Mins, Relaxing Tile-Laying, Build Habitats, Place Wildlife & Create Wildlife Corridors",37.61,USD,true
2026-09-02,B095QX1FSR,B095QX1FSR,I1BNX13CZDTLV3,"Garmin Approach R10, Portable Golf Launch Monitor, Take Your Game Home, Indoors or to The Driving Range, Up to 10 Hours Battery Life - 010-02356-00",479.00,USD,true
2026-09-02,B09BTLP4P1,B09BTLP4P1,I3496FGAMW5MFT,"Normcore 58.5mm Coffee Tamper V4 - Spring-Loaded Tamper with 15lb / 25lb / 30lbs Replacement Springs - Anodized Aluminum Handle and Stand - Stainless Steel Flat Base,Black",42.99,USD,true
2026-09-02,B09DDC7KMQ,B09DDC7KMQ,I225W0IRZJL69Z,Normcore 58.5mm Puck Screen - Lower Shower Screen - Metal Coffee Reusable Filter for Espresso Portafilter Filter Basket 58mm - 1.7mm Thickness 150μm - 316 Stainless Steel,13.99,USD,true
2026-09-02,B09GKTHBPH,B09GKTHBPH,I3H126LX6CX1OU,"Sorbus Soda Can Organizer for Fridge & Freezer, Stackable with Lid (2 Pack) | Clear dispenser holds 12 cans for refrigerator and pantry organization; secure lids and BPA-free construction.",29.99,USD,true
2026-09-02,B0BCHFHX6V,B0BCHFHX6V,IUQMUY60RAWMZ,Kinesis Advantage360 Split Ergonomic Keyboard - USB-C | Mechanical Switches | Fully Programmable | Contoured Shape | Adjustable Tenting | PBT Keycaps,479.00,USD,true
2026-09-02,B0BCHFSRN2,B0BCHFSRN2,IZBMRKWY7R120,Advantage360 Palm Pads - Magnetic | Cushioned Foam | Washable,35.80,USD,true
2026-09-02,B0BCHHCZ2J,B0BCHHCZ2J,I2XGMXYMDOHHFW,Advantage360 Blank Keycap Set - PBT Plastic | 76 Key Set | Logo Keycap Puller,50.00,USD,true
2026-09-02,B0BF7DXLBF,B0BF7DXLBF,IU77YZXOZZXDF,"Fellow Stagg EKG Pro Gooseneck Electric Kettle, Brew Timer, 0.9 Liter | To-the-Degree Temp Control, Color LCD, Temp Hold, Stainless Steel, for Pour-Over Coffee & Tea, Quick Heating, Matte Black",152.95,USD,true
2026-09-02,B0CF9THQDK,B0CF9THQDK,I36P0F0DU9IBU1,"Blue Tees Golf Player+ AI-Powered GPS Speaker - Touchscreen Display, 10+ Hour Battery, 40,000+ Courses, Visual & Audible Distances, Hazard Detection, IPX7 Waterproof (Black)",169.98,USD,true
2026-09-02,B0CNSMHQ3J,B0CNSMHQ3J,I17R9K20M03SXX,LACZ DENTON Pagani Design DD40 PD1783 Men's Watches Luxury Automatic Watch Men AR Sapphire Glass Mechanical Wristwatch Men 10Bar Japan Movement,144.99,USD,true
2026-09-02,B0CP5RMFN7,B0CP5RMFN7,IRPDG2XCLM0NE,"RollsTimi Pagani Design DD40 PD1783 Watches for Men, Japanese Automatic Movement, Day/Date Calendar, Stainless Steel Bracelet, Sapphire Crystal, Luxury Men's Automatic Watch.",144.99,USD,true
2026-09-02,B0CXDTP94L,B0CXDTP94L,I1H5MQZOP9CES3,"68oz 304 Stainless Steel Deep Fryer Pot with Basket & Strainer, Large Capacity Bacon Grease Container for Kitchen,Frying, Cooking, Camping,Oil Filter Container - Dishwasher Safe (68oz/2L/2.1Qt)",21.59,USD,true
2026-09-02,B0D1KB96ZP,B0D1KB96ZP,I39XRT1FQJCAGO,Pagani Design GMT Automatic Mechanical Men's Watch Rotating Ceramic Bezel Stainless Steel Watch with Date Function Men's Sport Watch,150.00,USD,true
2026-09-02,B0D22JRHZB,B0D22JRHZB,ITKJWU73M7L42,"UGREEN DXP4800 Plus 4-Bay NAS for Families, Creators & Small Teams | 4K Home Media, File Server & Hardware Transcoding, Intel 8505, 8GB DDR5, 10GbE&2.5GbE, Built-in 128G SSD, 2xM.2 NVMe,Diskless",656.99,USD,true
2026-09-02,B0DPR9LBJC,B0DPR9LBJC,I3MW6G9YTMMTX8,Votivo White Tea & Bergamot 10 oz Signature Candle | Soy Wax Blend | Luxury Glass Jar & Box | Home Decor |Gifts | Highly Scented,44.00,USD,true
2026-09-02,B0DVZBR9TJ,B0DVZBR9TJ,I1Q4XIXONYIP0F,"BuzzTV P6 PowerStation Media Hub with 8GB DDR4 RAM, Expandable NVMe Storage, Android 13, Dual Quad-Core Processors, Wireless AX and BT-500 Smart Remote",,,false
2026-09-02,B0DWT9J5L3,B0DWT9J5L3,IU0Z3O3TRLWKG,"Toy Battle Board Game | Tactical Tile Placement and Troop Strategy Game with 8 Unique Terrains, Fun for Kids & Adults, Ages 8+, 2 Players, 15 Mins",26.99,USD,true
2026-09-02,B0FDZHJCS2,B0FDZHJCS2,IG0ZA3XP2DQ6T,"Thunderworks Games: FlipToons | an Animated Deck-Building Card Game! | Easy to Learn Board Game with Classic Cartoon Style | Portable Small Box Family Game for 1-4 Players, Ages 10+, 15-30 Minutes",18.95,USD,true
2026-09-02,B0FQFB8FMG,B0FQFB8FMG,I22142G5IOO2ZR,"Apple AirPods Pro 3 Wireless Earbuds with Active Noise Cancellation | Live Translation, Heart Rate Sensing, Hearing Aid Feature, Bluetooth Headphones, Spatial Audio, USB-C Charging",199.00,USD,true
2026-09-02,B0FQMJGS4T,B0FQMJGS4T,IV0UBMM295PGT,"Fellow Pirch Cappuccino Cups 6.5 oz, Set of 2, Weighted Glass - Amber | Handcrafted Espresso Cup Set for Latte Art & Espresso, Dishwasher and Microwave Safe, Curved Interior, Soda Lime Coffee Mugs",39.95,USD,true
2026-09-02,B0FT39RFJB,B0FT39RFJB,I3REJ2Z3EOJ3HD,"CoolGeek M1 Vertical CD Player for Wall & Desk, Transparent Industrial Art Decor, Hi-Fi Bluetooth Transmitter (Requires External Speaker), 8H Rechargeable Battery, Wire-Free Aesthetic",159.00,USD,true
2026-09-02,B0GTB3BMYQ,B0GTB3BMYQ,I1FL364PQOPWUS,"iRobot Roomba 105X Robot Vacuum & Mop Combo, AutoEmpty Dock, Self‑Emptying for Up to 75 Days, 70× Power‑Lifting Suction, Smart LiDAR Mapping, App & Voice Control, Ideal for Homes with Pets & Kids",307.50,USD,true
2026-09-02,B0H6B2D9G6,B0H6B2D9G6,I3CMIU8LX4AAL4,"8Bitdo FlipPad Mobile Gaming Controller for iPhone and Android, G Classic | Flip-Style, USB-C Plug and Play, Vertical Mobile Gaming, Pocket-Ready and Case-Friendly, Tactile D-pad and ABXY controls",29.99,USD,true
2026-09-03,0300270968,0300270968,I3MRWHZEMQ9570,King Dollar: The Past and Future of the World's Dominant Currency,16.15,USD,true
2026-09-03,B001RBTSMM,B001RBTSMM,I3FCZD72VB4QBT,"HARIO V60 Plastic Coffee Dripper, Size 02, Clear | Plastic",12.24,USD,true
2026-09-03,B00NX627HW,B00NX627HW,I39GQ1MYSMXZUB,"Carcassonne Tile Placement Strategy Board Game, 2-5 Players, 35 Min | For tile fans, build a medieval landscape, Meeple placement adds strategy each turn, Randomized tiles keep games different",32.88,USD,true
2026-09-03,B076QDH9MY,B076QDH9MY,IE2DRY6MIIVNN,Z-MAN Evergreen Jack Hammer Chatterbait 3/8 Oz,20.99,USD,true
2026-09-03,B079ZPLL97,B079ZPLL97,ISYIWW6FMCFC7,"ONO Roller - Handheld Fidget Toy for Adults | Help Relieve Stress, Anxiety, Tension | Promotes Focus, Clarity | Compact, Portable Design (Black, Full Size - Aluminum)",40.00,USD,true
2026-09-03,B07BL7JXHV,B07BL7JXHV,I10ABVCUFJXPGO,"Travelpro Maxlite 5 Softside Carry-On Luggage Spinner, Black, 21-Inch | Expandable With 4 Wheels, Lightweight & Versatile Travel Design, Men & Women",160.00,USD,true
2026-09-03,B07GNDDNMW,B07GNDDNMW,I3NSX8I0OF132Q,"SIHOO M18 Ergonomic Office Chair, Mesh Back Desk Chair with Headrest | Adjustable Lumbar Support, Hold 330lbs Computer Chair with 2D Armrests & Wide Cushion, Tilt Lock, for Home Office - Black",146.99,USD,true
2026-09-03,B07WCR5Y4B,B07WCR5Y4B,I36EXJIRO7KRZP,TempPro TempAir Digital Hygrometer Indoor Thermometer | Humidity Meter Room Thermometer with Temperature and Humidity Monitor Mini Hygrometer,9.99,USD,true
2026-09-03,B08F65MX4L,B08F65MX4L,IRYBV735I6FQY,"Asmodee 7 Wonders Board Game (New Edition) - Lead Your Civilization to Prosperity, Strategy Game for Kids and Adults, Ages 10+, 3-7 Players, 30 Minute Playtime",59.99,USD,true
2026-09-03,B08HLVDCZW,B08HLVDCZW,I2HHXMWKNI7UL1,"Piscifun Speed X Fishing Line Spool No Twist Adjustable Handle for Reels | Aluminium handle, Fits spinning/bait/spincast reels, Prevents line twists, Smooth unwinding for easy spooling",29.99,USD,true
2026-09-03,B093H8RGXX,B093H8RGXX,I1TLY12MG73F4K,"Cascadia, Award-Winning Cozy Nature Board Game Set in the Pacific Northwest | 1-4 Players, Ages 10+, 30-45 Mins, Relaxing Tile-Laying, Build Habitats, Place Wildlife & Create Wildlife Corridors",37.56,USD,true
2026-09-03,B095QX1FSR,B095QX1FSR,I1BNX13CZDTLV3,"Garmin Approach R10, Portable Golf Launch Monitor, Take Your Game Home, Indoors or to The Driving Range, Up to 10 Hours Battery Life - 010-02356-00",489.50,USD,true
2026-09-03,B09BTLP4P1,B09BTLP4P1,I3496FGAMW5MFT,"Normcore 58.5mm Coffee Tamper V4 - Spring-Loaded Tamper with 15lb / 25lb / 30lbs Replacement Springs - Anodized Aluminum Handle and Stand - Stainless Steel Flat Base,Black",42.99,USD,true
2026-09-03,B09DDC7KMQ,B09DDC7KMQ,I225W0IRZJL69Z,Normcore 58.5mm Puck Screen - Lower Shower Screen - Metal Coffee Reusable Filter for Espresso Portafilter Filter Basket 58mm - 1.7mm Thickness 150μm - 316 Stainless Steel,13.99,USD,true
2026-09-03,B09GKTHBPH,B09GKTHBPH,I3H126LX6CX1OU,"Sorbus Soda Can Organizer for Fridge & Freezer, Stackable with Lid (2 Pack) | Clear dispenser holds 12 cans for refrigerator and pantry organization; secure lids and BPA-free construction.",29.99,USD,true
2026-09-03,B0BCHFHX6V,B0BCHFHX6V,IUQMUY60RAWMZ,Kinesis Advantage360 Split Ergonomic Keyboard - USB-C | Mechanical Switches | Fully Programmable | Contoured Shape | Adjustable Tenting | PBT Keycaps,479.00,USD,true
2026-09-03,B0BCHFSRN2,B0BCHFSRN2,IZBMRKWY7R120,Advantage360 Palm Pads - Magnetic | Cushioned Foam | Washable,25.99,USD,true
2026-09-03,B0BCHHCZ2J,B0BCHHCZ2J,I2XGMXYMDOHHFW,Advantage360 Blank Keycap Set - PBT Plastic | 76 Key Set | Logo Keycap Puller,50.00,USD,true
2026-09-03,B0BF7DXLBF,B0BF7DXLBF,IU77YZXOZZXDF,"Fellow Stagg EKG Pro Gooseneck Electric Kettle, Brew Timer, 0.9 Liter | To-the-Degree Temp Control, Color LCD, Temp Hold, Stainless Steel, for Pour-Over Coffee & Tea, Quick Heating, Matte Black",152.95,USD,true
2026-09-03,B0CF9THQDK,B0CF9THQDK,I36P0F0DU9IBU1,"Blue Tees Golf Player+ AI-Powered GPS Speaker - Touchscreen Display, 10+ Hour Battery, 40,000+ Courses, Visual & Audible Distances, Hazard Detection, IPX7 Waterproof (Black)",,,false
2026-09-03,B0CNSMHQ3J,B0CNSMHQ3J,I17R9K20M03SXX,LACZ DENTON Pagani Design DD40 PD1783 Men's Watches Luxury Automatic Watch Men AR Sapphire Glass Mechanical Wristwatch Men 10Bar Japan Movement,144.99,USD,true
2026-09-03,B0CP5RMFN7,B0CP5RMFN7,IRPDG2XCLM0NE,"RollsTimi Pagani Design DD40 PD1783 Watches for Men, Japanese Automatic Movement, Day/Date Calendar, Stainless Steel Bracelet, Sapphire Crystal, Luxury Men's Automatic Watch.",144.99,USD,true
2026-09-03,B0CXDTP94L,B0CXDTP94L,I1H5MQZOP9CES3,"68oz 304 Stainless Steel Deep Fryer Pot with Basket & Strainer, Large Capacity Bacon Grease Container for Kitchen,Frying, Cooking, Camping,Oil Filter Container - Dishwasher Safe (68oz/2L/2.1Qt)",21.59,USD,true
2026-09-03,B0D1KB96ZP,B0D1KB96ZP,I39XRT1FQJCAGO,Pagani Design GMT Automatic Mechanical Men's Watch Rotating Ceramic Bezel Stainless Steel Watch with Date Function Men's Sport Watch,150.00,USD,true
2026-09-03,B0D22JRHZB,B0D22JRHZB,ITKJWU73M7L42,"UGREEN DXP4800 Plus 4-Bay NAS for Families, Creators & Small Teams | 4K Home Media, File Server & Hardware Transcoding, Intel 8505, 8GB DDR5, 10GbE&2.5GbE, Built-in 128G SSD, 2xM.2 NVMe,Diskless",656.99,USD,true
2026-09-03,B0DPR9LBJC,B0DPR9LBJC,I3MW6G9YTMMTX8,Votivo White Tea & Bergamot 10 oz Signature Candle | Soy Wax Blend | Luxury Glass Jar & Box | Home Decor |Gifts | Highly Scented,37.40,USD,true
2026-09-03,B0DVZBR9TJ,B0DVZBR9TJ,I1Q4XIXONYIP0F,"BuzzTV P6 PowerStation Media Hub with 8GB DDR4 RAM, Expandable NVMe Storage, Android 13, Dual Quad-Core Processors, Wireless AX and BT-500 Smart Remote",,,false
2026-09-03,B0DWT9J5L3,B0DWT9J5L3,IU0Z3O3TRLWKG,"Toy Battle Board Game | Tactical Tile Placement and Troop Strategy Game with 8 Unique Terrains, Fun for Kids & Adults, Ages 8+, 2 Players, 15 Mins",26.99,USD,true
2026-09-03,B0FDZHJCS2,B0FDZHJCS2,IG0ZA3XP2DQ6T,"Thunderworks Games: FlipToons | an Animated Deck-Building Card Game! | Easy to Learn Board Game with Classic Cartoon Style | Portable Small Box Family Game for 1-4 Players, Ages 10+, 15-30 Minutes",19.95,USD,true
2026-09-03,B0FQFB8FMG,B0FQFB8FMG,I22142G5IOO2ZR,"Apple AirPods Pro 3 Wireless Earbuds with Active Noise Cancellation | Live Translation, Heart Rate Sensing, Hearing Aid Feature, Bluetooth Headphones, Spatial Audio, USB-C Charging",199.00,USD,true
2026-09-03,B0FQMJGS4T,B0FQMJGS4T,IV0UBMM295PGT,"Fellow Pirch Cappuccino Cups 6.5 oz, Set of 2, Weighted Glass - Amber | Handcrafted Espresso Cup Set for Latte Art & Espresso, Dishwasher and Microwave Safe, Curved Interior, Soda Lime Coffee Mugs",39.95,USD,true
2026-09-03,B0FT39RFJB,B0FT39RFJB,I3REJ2Z3EOJ3HD,"CoolGeek M1 Vertical CD Player for Wall & Desk, Transparent Industrial Art Decor, Hi-Fi Bluetooth Transmitter (Requires External Speaker), 8H Rechargeable Battery, Wire-Free Aesthetic",159.00,USD,true
2026-09-03,B0GTB3BMYQ,B0GTB3BMYQ,I1FL364PQOPWUS,"iRobot Roomba 105X Robot Vacuum & Mop Combo, AutoEmpty Dock, Self‑Emptying for Up to 75 Days, 70× Power‑Lifting Suction, Smart LiDAR Mapping, App & Voice Control, Ideal for Homes with Pets & Kids",307.50,USD,true
2026-09-03,B0H6B2D9G6,B0H6B2D9G6,I3CMIU8LX4AAL4,"8Bitdo FlipPad Mobile Gaming Controller for iPhone and Android, G Classic | Flip-Style, USB-C Plug and Play, Vertical Mobile Gaming, Pocket-Ready and Case-Friendly, Tactile D-pad and ABXY controls",29.99,USD,true
2026-09-04,0300270968,0300270968,I3MRWHZEMQ9570,King Dollar: The Past and Future of the World's Dominant Currency,16.15,USD,true
2026-09-04,B001RBTSMM,B001RBTSMM,I3FCZD72VB4QBT,"HARIO V60 Plastic Coffee Dripper, Size 02, Clear | Plastic",12.39,USD,true
2026-09-04,B00NX627HW,B00NX627HW,I39GQ1MYSMXZUB,"Carcassonne Tile Placement Strategy Board Game, 2-5 Players, 35 Min | For tile fans, build a medieval landscape, Meeple placement adds strategy each turn, Randomized tiles keep games different",32.88,USD,true
2026-09-04,B076QDH9MY,B076QDH9MY,IE2DRY6MIIVNN,Z-MAN Evergreen Jack Hammer Chatterbait 3/8 Oz,20.99,USD,true
2026-09-04,B079ZPLL97,B079ZPLL97,ISYIWW6FMCFC7,"ONO Roller - Handheld Fidget Toy for Adults | Help Relieve Stress, Anxiety, Tension | Promotes Focus, Clarity | Compact, Portable Design (Black, Full Size - Aluminum)",40.00,USD,true
2026-09-04,B07BL7JXHV,B07BL7JXHV,I10ABVCUFJXPGO,"Travelpro Maxlite 5 Softside Carry-On Luggage Spinner, Black, 21-Inch | Expandable With 4 Wheels, Lightweight & Versatile Travel Design, Men & Women",160.00,USD,true
2026-09-04,B07GNDDNMW,B07GNDDNMW,I3NSX8I0OF132Q,"SIHOO M18 Ergonomic Office Chair, Mesh Back Desk Chair with Headrest | Adjustable Lumbar Support, Hold 330lbs Computer Chair with 2D Armrests & Wide Cushion, Tilt Lock, for Home Office - Black",146.99,USD,true
2026-09-04,B07WCR5Y4B,B07WCR5Y4B,I36EXJIRO7KRZP,TempPro TempAir Digital Hygrometer Indoor Thermometer | Humidity Meter Room Thermometer with Temperature and Humidity Monitor Mini Hygrometer,9.99,USD,true
2026-09-04,B08F65MX4L,B08F65MX4L,IRYBV735I6FQY,"Asmodee 7 Wonders Board Game (New Edition) - Lead Your Civilization to Prosperity, Strategy Game for Kids and Adults, Ages 10+, 3-7 Players, 30 Minute Playtime",59.99,USD,true
2026-09-04,B08HLVDCZW,B08HLVDCZW,I2HHXMWKNI7UL1,"Piscifun Speed X Fishing Line Spool No Twist Adjustable Handle for Reels | Aluminium handle, Fits spinning/bait/spincast reels, Prevents line twists, Smooth unwinding for easy spooling",29.99,USD,true
2026-09-04,B093H8RGXX,B093H8RGXX,I1TLY12MG73F4K,"Cascadia, Award-Winning Cozy Nature Board Game Set in the Pacific Northwest | 1-4 Players, Ages 10+, 30-45 Mins, Relaxing Tile-Laying, Build Habitats, Place Wildlife & Create Wildlife Corridors",37.69,USD,true
2026-09-04,B095QX1FSR,B095QX1FSR,I1BNX13CZDTLV3,"Garmin Approach R10, Portable Golf Launch Monitor, Take Your Game Home, Indoors or to The Driving Range, Up to 10 Hours Battery Life - 010-02356-00",489.50,USD,true
2026-09-04,B09BTLP4P1,B09BTLP4P1,I3496FGAMW5MFT,"Normcore 58.5mm Coffee Tamper V4 - Spring-Loaded Tamper with 15lb / 25lb / 30lbs Replacement Springs - Anodized Aluminum Handle and Stand - Stainless Steel Flat Base,Black",42.99,USD,true
2026-09-04,B09DDC7KMQ,B09DDC7KMQ,I225W0IRZJL69Z,Normcore 58.5mm Puck Screen - Lower Shower Screen - Metal Coffee Reusable Filter for Espresso Portafilter Filter Basket 58mm - 1.7mm Thickness 150μm - 316 Stainless Steel,13.99,USD,true
2026-09-04,B09GKTHBPH,B09GKTHBPH,I3H126LX6CX1OU,"Sorbus Soda Can Organizer for Fridge & Freezer, Stackable with Lid (2 Pack) | Clear dispenser holds 12 cans for refrigerator and pantry organization; secure lids and BPA-free construction.",29.99,USD,true
2026-09-04,B0BCHFHX6V,B0BCHFHX6V,IUQMUY60RAWMZ,Kinesis Advantage360 Split Ergonomic Keyboard - USB-C | Mechanical Switches | Fully Programmable | Contoured Shape | Adjustable Tenting | PBT Keycaps,479.00,USD,true
2026-09-04,B0BCHFSRN2,B0BCHFSRN2,IZBMRKWY7R120,Advantage360 Palm Pads - Magnetic | Cushioned Foam | Washable,25.99,USD,true
2026-09-04,B0BCHHCZ2J,B0BCHHCZ2J,I2XGMXYMDOHHFW,Advantage360 Blank Keycap Set - PBT Plastic | 76 Key Set | Logo Keycap Puller,50.00,USD,true
2026-09-04,B0BF7DXLBF,B0BF7DXLBF,IU77YZXOZZXDF,"Fellow Stagg EKG Pro Gooseneck Electric Kettle, Brew Timer, 0.9 Liter | To-the-Degree Temp Control, Color LCD, Temp Hold, Stainless Steel, for Pour-Over Coffee & Tea, Quick Heating, Matte Black",152.95,USD,true
2026-09-04,B0CF9THQDK,B0CF9THQDK,I36P0F0DU9IBU1,"Blue Tees Golf Player+ AI-Powered GPS Speaker - Touchscreen Display, 10+ Hour Battery, 40,000+ Courses, Visual & Audible Distances, Hazard Detection, IPX7 Waterproof (Black)",,,false
2026-09-04,B0CNSMHQ3J,B0CNSMHQ3J,I17R9K20M03SXX,LACZ DENTON Pagani Design DD40 PD1783 Men's Watches Luxury Automatic Watch Men AR Sapphire Glass Mechanical Wristwatch Men 10Bar Japan Movement,144.99,USD,true
2026-09-04,B0CP5RMFN7,B0CP5RMFN7,IRPDG2XCLM0NE,"RollsTimi Pagani Design DD40 PD1783 Watches for Men, Japanese Automatic Movement, Day/Date Calendar, Stainless Steel Bracelet, Sapphire Crystal, Luxury Men's Automatic Watch.",144.99,USD,true
2026-09-04,B0CXDTP94L,B0CXDTP94L,I1H5MQZOP9CES3,"68oz 304 Stainless Steel Deep Fryer Pot with Basket & Strainer, Large Capacity Bacon Grease Container for Kitchen,Frying, Cooking, Camping,Oil Filter Container - Dishwasher Safe (68oz/2L/2.1Qt)",21.59,USD,true
2026-09-04,B0D1KB96ZP,B0D1KB96ZP,I39XRT1FQJCAGO,Pagani Design GMT Automatic Mechanical Men's Watch Rotating Ceramic Bezel Stainless Steel Watch with Date Function Men's Sport Watch,150.00,USD,true
2026-09-04,B0D22JRHZB,B0D22JRHZB,ITKJWU73M7L42,"UGREEN DXP4800 Plus 4-Bay NAS for Families, Creators & Small Teams | 4K Home Media, File Server & Hardware Transcoding, Intel 8505, 8GB DDR5, 10GbE&2.5GbE, Built-in 128G SSD, 2xM.2 NVMe,Diskless",656.99,USD,true
2026-09-04,B0DPR9LBJC,B0DPR9LBJC,I3MW6G9YTMMTX8,Votivo White Tea & Bergamot 10 oz Signature Candle | Soy Wax Blend | Luxury Glass Jar & Box | Home Decor |Gifts | Highly Scented,37.40,USD,true
2026-09-04,B0DVZBR9TJ,B0DVZBR9TJ,I1Q4XIXONYIP0F,"BuzzTV P6 PowerStation Media Hub with 8GB DDR4 RAM, Expandable NVMe Storage, Android 13, Dual Quad-Core Processors, Wireless AX and BT-500 Smart Remote",,,false
2026-09-04,B0DWT9J5L3,B0DWT9J5L3,IU0Z3O3TRLWKG,"Toy Battle Board Game | Tactical Tile Placement and Troop Strategy Game with 8 Unique Terrains, Fun for Kids & Adults, Ages 8+, 2 Players, 15 Mins",26.99,USD,true
2026-09-04,B0FDZHJCS2,B0FDZHJCS2,IG0ZA3XP2DQ6T,"Thunderworks Games: FlipToons | an Animated Deck-Building Card Game! | Easy to Learn Board Game with Classic Cartoon Style | Portable Small Box Family Game for 1-4 Players, Ages 10+, 15-30 Minutes",19.95,USD,true
2026-09-04,B0FQFB8FMG,B0FQFB8FMG,I22142G5IOO2ZR,"Apple AirPods Pro 3 Wireless Earbuds with Active Noise Cancellation | Live Translation, Heart Rate Sensing, Hearing Aid Feature, Bluetooth Headphones, Spatial Audio, USB-C Charging",199.00,USD,true
2026-09-04,B0FQMJGS4T,B0FQMJGS4T,IV0UBMM295PGT,"Fellow Pirch Cappuccino Cups 6.5 oz, Set of 2, Weighted Glass - Amber | Handcrafted Espresso Cup Set for Latte Art & Espresso, Dishwasher and Microwave Safe, Curved Interior, Soda Lime Coffee Mugs",39.95,USD,true
2026-09-04,B0FT39RFJB,B0FT39RFJB,I3REJ2Z3EOJ3HD,"CoolGeek M1 Vertical CD Player for Wall & Desk, Transparent Industrial Art Decor, Hi-Fi Bluetooth Transmitter (Requires External Speaker), 8H Rechargeable Battery, Wire-Free Aesthetic",159.00,USD,true
2026-09-04,B0GTB3BMYQ,B0GTB3BMYQ,I1FL364PQOPWUS,"iRobot Roomba 105X Robot Vacuum & Mop Combo, AutoEmpty Dock, Self‑Emptying for Up to 75 Days, 70× Power‑Lifting Suction, Smart LiDAR Mapping, App & Voice Control, Ideal for Homes with Pets & Kids",307.50,USD,true
2026-09-04,B0H6B2D9G6,B0H6B2D9G6,I3CMIU8LX4AAL4,"8Bitdo FlipPad Mobile Gaming Controller for iPhone and Android, G Classic | Flip-Style, USB-C Plug and Play, Vertical Mobile Gaming, Pocket-Ready and Case-Friendly, Tactile D-pad and ABXY controls",29.99,USD,true
2026-09-05,0300270968,0300270968,I3MRWHZEMQ9570,King Dollar: The Past and Future of the World's Dominant Currency,16.15,USD,true
2026-09-05,B001RBTSMM,B001RBTSMM,I3FCZD72VB4QBT,"HARIO V60 Plastic Coffee Dripper, Size 02, Clear | Plastic",12.39,USD,true
2026-09-05,B00NX627HW,B00NX627HW,I39GQ1MYSMXZUB,"Carcassonne Tile Placement Strategy Board Game, 2-5 Players, 35 Min | For tile fans, build a medieval landscape, Meeple placement adds strategy each turn, Randomized tiles keep games different",32.88,USD,true
2026-09-05,B076QDH9MY,B076QDH9MY,IE2DRY6MIIVNN,Z-MAN Evergreen Jack Hammer Chatterbait 3/8 Oz,20.99,USD,true
2026-09-05,B079ZPLL97,B079ZPLL97,ISYIWW6FMCFC7,"ONO Roller - Handheld Fidget Toy for Adults | Help Relieve Stress, Anxiety, Tension | Promotes Focus, Clarity | Compact, Portable Design (Black, Full Size - Aluminum)",40.00,USD,true
2026-09-05,B07BL7JXHV,B07BL7JXHV,I10ABVCUFJXPGO,"Travelpro Maxlite 5 Softside Carry-On Luggage Spinner, Black, 21-Inch | Expandable With 4 Wheels, Lightweight & Versatile Travel Design, Men & Women",160.00,USD,true
2026-09-05,B07GNDDNMW,B07GNDDNMW,I3NSX8I0OF132Q,"SIHOO M18 Ergonomic Office Chair, Mesh Back Desk Chair with Headrest | Adjustable Lumbar Support, Hold 330lbs Computer Chair with 2D Armrests & Wide Cushion, Tilt Lock, for Home Office - Black",146.99,USD,true
2026-09-05,B07WCR5Y4B,B07WCR5Y4B,I36EXJIRO7KRZP,TempPro TempAir Digital Hygrometer Indoor Thermometer | Humidity Meter Room Thermometer with Temperature and Humidity Monitor Mini Hygrometer,9.99,USD,true
2026-09-05,B08F65MX4L,B08F65MX4L,IRYBV735I6FQY,"Asmodee 7 Wonders Board Game (New Edition) - Lead Your Civilization to Prosperity, Strategy Game for Kids and Adults, Ages 10+, 3-7 Players, 30 Minute Playtime",59.99,USD,true
2026-09-05,B08HLVDCZW,B08HLVDCZW,I2HHXMWKNI7UL1,"Piscifun Speed X Fishing Line Spool No Twist Adjustable Handle for Reels | Aluminium handle, Fits spinning/bait/spincast reels, Prevents line twists, Smooth unwinding for easy spooling",29.99,USD,true
2026-09-05,B093H8RGXX,B093H8RGXX,I1TLY12MG73F4K,"Cascadia, Award-Winning Cozy Nature Board Game Set in the Pacific Northwest | 1-4 Players, Ages 10+, 30-45 Mins, Relaxing Tile-Laying, Build Habitats, Place Wildlife & Create Wildlife Corridors",37.64,USD,true
2026-09-05,B095QX1FSR,B095QX1FSR,I1BNX13CZDTLV3,"Garmin Approach R10, Portable Golf Launch Monitor, Take Your Game Home, Indoors or to The Driving Range, Up to 10 Hours Battery Life - 010-02356-00",489.50,USD,true
2026-09-05,B09BTLP4P1,B09BTLP4P1,I3496FGAMW5MFT,"Normcore 58.5mm Coffee Tamper V4 - Spring-Loaded Tamper with 15lb / 25lb / 30lbs Replacement Springs - Anodized Aluminum Handle and Stand - Stainless Steel Flat Base,Black",42.99,USD,true
2026-09-05,B09DDC7KMQ,B09DDC7KMQ,I225W0IRZJL69Z,Normcore 58.5mm Puck Screen - Lower Shower Screen - Metal Coffee Reusable Filter for Espresso Portafilter Filter Basket 58mm - 1.7mm Thickness 150μm - 316 Stainless Steel,13.99,USD,true
2026-09-05,B09GKTHBPH,B09GKTHBPH,I3H126LX6CX1OU,"Sorbus Soda Can Organizer for Fridge & Freezer, Stackable with Lid (2 Pack) | Clear dispenser holds 12 cans for refrigerator and pantry organization; secure lids and BPA-free construction.",29.99,USD,true
2026-09-05,B0BCHFHX6V,B0BCHFHX6V,IUQMUY60RAWMZ,Kinesis Advantage360 Split Ergonomic Keyboard - USB-C | Mechanical Switches | Fully Programmable | Contoured Shape | Adjustable Tenting | PBT Keycaps,479.00,USD,true
2026-09-05,B0BCHFSRN2,B0BCHFSRN2,IZBMRKWY7R120,Advantage360 Palm Pads - Magnetic | Cushioned Foam | Washable,25.99,USD,true
2026-09-05,B0BCHHCZ2J,B0BCHHCZ2J,I2XGMXYMDOHHFW,Advantage360 Blank Keycap Set - PBT Plastic | 76 Key Set | Logo Keycap Puller,50.00,USD,true
2026-09-05,B0BF7DXLBF,B0BF7DXLBF,IU77YZXOZZXDF,"Fellow Stagg EKG Pro Gooseneck Electric Kettle, Brew Timer, 0.9 Liter | To-the-Degree Temp Control, Color LCD, Temp Hold, Stainless Steel, for Pour-Over Coffee & Tea, Quick Heating, Matte Black",152.95,USD,true
2026-09-05,B0CF9THQDK,B0CF9THQDK,I36P0F0DU9IBU1,"Blue Tees Golf Player+ AI-Powered GPS Speaker - Touchscreen Display, 10+ Hour Battery, 40,000+ Courses, Visual & Audible Distances, Hazard Detection, IPX7 Waterproof (Black)",,,false
2026-09-05,B0CNSMHQ3J,B0CNSMHQ3J,I17R9K20M03SXX,LACZ DENTON Pagani Design DD40 PD1783 Men's Watches Luxury Automatic Watch Men AR Sapphire Glass Mechanical Wristwatch Men 10Bar Japan Movement,144.99,USD,true
2026-09-05,B0CP5RMFN7,B0CP5RMFN7,IRPDG2XCLM0NE,"RollsTimi Pagani Design DD40 PD1783 Watches for Men, Japanese Automatic Movement, Day/Date Calendar, Stainless Steel Bracelet, Sapphire Crystal, Luxury Men's Automatic Watch.",144.99,USD,true
2026-09-05,B0CXDTP94L,B0CXDTP94L,I1H5MQZOP9CES3,"68oz 304 Stainless Steel Deep Fryer Pot with Basket & Strainer, Large Capacity Bacon Grease Container for Kitchen,Frying, Cooking, Camping,Oil Filter Container - Dishwasher Safe (68oz/2L/2.1Qt)",23.99,USD,true
2026-09-05,B0D1KB96ZP,B0D1KB96ZP,I39XRT1FQJCAGO,Pagani Design GMT Automatic Mechanical Men's Watch Rotating Ceramic Bezel Stainless Steel Watch with Date Function Men's Sport Watch,150.00,USD,true
2026-09-05,B0D22JRHZB,B0D22JRHZB,ITKJWU73M7L42,"UGREEN DXP4800 Plus 4-Bay NAS for Families, Creators & Small Teams | 4K Home Media, File Server & Hardware Transcoding, Intel 8505, 8GB DDR5, 10GbE&2.5GbE, Built-in 128G SSD, 2xM.2 NVMe,Diskless",656.99,USD,true
2026-09-05,B0DPR9LBJC,B0DPR9LBJC,I3MW6G9YTMMTX8,Votivo White Tea & Bergamot 10 oz Signature Candle | Soy Wax Blend | Luxury Glass Jar & Box | Home Decor |Gifts | Highly Scented,37.40,USD,true
2026-09-05,B0DVZBR9TJ,B0DVZBR9TJ,I1Q4XIXONYIP0F,"BuzzTV P6 PowerStation Media Hub with 8GB DDR4 RAM, Expandable NVMe Storage, Android 13, Dual Quad-Core Processors, Wireless AX and BT-500 Smart Remote",,,false
2026-09-05,B0DWT9J5L3,B0DWT9J5L3,IU0Z3O3TRLWKG,"Toy Battle Board Game | Tactical Tile Placement and Troop Strategy Game with 8 Unique Terrains, Fun for Kids & Adults, Ages 8+, 2 Players, 15 Mins",26.99,USD,true
2026-09-05,B0FDZHJCS2,B0FDZHJCS2,IG0ZA3XP2DQ6T,"Thunderworks Games: FlipToons | an Animated Deck-Building Card Game! | Easy to Learn Board Game with Classic Cartoon Style | Portable Small Box Family Game for 1-4 Players, Ages 10+, 15-30 Minutes",19.95,USD,true
2026-09-05,B0FQFB8FMG,B0FQFB8FMG,I22142G5IOO2ZR,"Apple AirPods Pro 3 Wireless Earbuds with Active Noise Cancellation | Live Translation, Heart Rate Sensing, Hearing Aid Feature, Bluetooth Headphones, Spatial Audio, USB-C Charging",199.00,USD,true
2026-09-05,B0FQMJGS4T,B0FQMJGS4T,IV0UBMM295PGT,"Fellow Pirch Cappuccino Cups 6.5 oz, Set of 2, Weighted Glass - Amber | Handcrafted Espresso Cup Set for Latte Art & Espresso, Dishwasher and Microwave Safe, Curved Interior, Soda Lime Coffee Mugs",39.95,USD,true
2026-09-05,B0FT39RFJB,B0FT39RFJB,I3REJ2Z3EOJ3HD,"CoolGeek M1 Vertical CD Player for Wall & Desk, Transparent Industrial Art Decor, Hi-Fi Bluetooth Transmitter (Requires External Speaker), 8H Rechargeable Battery, Wire-Free Aesthetic",159.00,USD,true
2026-09-05,B0GTB3BMYQ,B0GTB3BMYQ,I1FL364PQOPWUS,"iRobot Roomba 105X Robot Vacuum & Mop Combo, AutoEmpty Dock, Self‑Emptying for Up to 75 Days, 70× Power‑Lifting Suction, Smart LiDAR Mapping, App & Voice Control, Ideal for Homes with Pets & Kids",277.01,USD,true
2026-09-05,B0H6B2D9G6,B0H6B2D9G6,I3CMIU8LX4AAL4,"8Bitdo FlipPad Mobile Gaming Controller for iPhone and Android, G Classic | Flip-Style, USB-C Plug and Play, Vertical Mobile Gaming, Pocket-Ready and Case-Friendly, Tactile D-pad and ABXY controls",29.99,USD,true
2026-09-06,0300270968,0300270968,I3MRWHZEMQ9570,King Dollar: The Past and Future of the World's Dominant Currency,14.00,USD,true
2026-09-06,B001RBTSMM,B001RBTSMM,I3FCZD72VB4QBT,"HARIO V60 Plastic Coffee Dripper, Size 02, Clear | Plastic",12.83,USD,true
2026-09-06,B00NX627HW,B00NX627HW,I39GQ1MYSMXZUB,"Carcassonne Tile Placement Strategy Board Game, 2-5 Players, 35 Min | For tile fans, build a medieval landscape, Meeple placement adds strategy each turn, Randomized tiles keep games different",32.88,USD,true
2026-09-06,B076QDH9MY,B076QDH9MY,IE2DRY6MIIVNN,Z-MAN Evergreen Jack Hammer Chatterbait 3/8 Oz,20.27,USD,true
2026-09-06,B079ZPLL97,B079ZPLL97,ISYIWW6FMCFC7,"ONO Roller - Handheld Fidget Toy for Adults | Help Relieve Stress, Anxiety, Tension | Promotes Focus, Clarity | Compact, Portable Design (Black, Full Size - Aluminum)",40.00,USD,true
2026-09-06,B07BL7JXHV,B07BL7JXHV,I10ABVCUFJXPGO,"Travelpro Maxlite 5 Softside Carry-On Luggage Spinner, Black, 21-Inch | Expandable With 4 Wheels, Lightweight & Versatile Travel Design, Men & Women",160.00,USD,true
2026-09-06,B07GNDDNMW,B07GNDDNMW,I3NSX8I0OF132Q,"SIHOO M18 Ergonomic Office Chair, Mesh Back Desk Chair with Headrest | Adjustable Lumbar Support, Hold 330lbs Computer Chair with 2D Armrests & Wide Cushion, Tilt Lock, for Home Office - Black",146.99,USD,true
2026-09-06,B07WCR5Y4B,B07WCR5Y4B,I36EXJIRO7KRZP,TempPro TempAir Digital Hygrometer Indoor Thermometer | Humidity Meter Room Thermometer with Temperature and Humidity Monitor Mini Hygrometer,9.99,USD,true
2026-09-06,B08F65MX4L,B08F65MX4L,IRYBV735I6FQY,"Asmodee 7 Wonders Board Game (New Edition) - Lead Your Civilization to Prosperity, Strategy Game for Kids and Adults, Ages 10+, 3-7 Players, 30 Minute Playtime",59.99,USD,true
2026-09-06,B08HLVDCZW,B08HLVDCZW,I2HHXMWKNI7UL1,"Piscifun Speed X Fishing Line Spool No Twist Adjustable Handle for Reels | Aluminium handle, Fits spinning/bait/spincast reels, Prevents line twists, Smooth unwinding for easy spooling",29.99,USD,true
2026-09-06,B093H8RGXX,B093H8RGXX,I1TLY12MG73F4K,"Cascadia, Award-Winning Cozy Nature Board Game Set in the Pacific Northwest | 1-4 Players, Ages 10+, 30-45 Mins, Relaxing Tile-Laying, Build Habitats, Place Wildlife & Create Wildlife Corridors",37.64,USD,true
2026-09-06,B095QX1FSR,B095QX1FSR,I1BNX13CZDTLV3,"Garmin Approach R10, Portable Golf Launch Monitor, Take Your Game Home, Indoors or to The Driving Range, Up to 10 Hours Battery Life - 010-02356-00",485.53,USD,true
2026-09-06,B09BTLP4P1,B09BTLP4P1,I3496FGAMW5MFT,"Normcore 58.5mm Coffee Tamper V4 - Spring-Loaded Tamper with 15lb / 25lb / 30lbs Replacement Springs - Anodized Aluminum Handle and Stand - Stainless Steel Flat Base,Black",42.99,USD,true
2026-09-06,B09DDC7KMQ,B09DDC7KMQ,I225W0IRZJL69Z,Normcore 58.5mm Puck Screen - Lower Shower Screen - Metal Coffee Reusable Filter for Espresso Portafilter Filter Basket 58mm - 1.7mm Thickness 150μm - 316 Stainless Steel,13.99,USD,true
2026-09-06,B09GKTHBPH,B09GKTHBPH,I3H126LX6CX1OU,"Sorbus Soda Can Organizer for Fridge & Freezer, Stackable with Lid (2 Pack) | Clear dispenser holds 12 cans for refrigerator and pantry organization; secure lids and BPA-free construction.",29.99,USD,true
2026-09-06,B0BCHFHX6V,B0BCHFHX6V,IUQMUY60RAWMZ,Kinesis Advantage360 Split Ergonomic Keyboard - USB-C | Mechanical Switches | Fully Programmable | Contoured Shape | Adjustable Tenting | PBT Keycaps,479.00,USD,true
2026-09-06,B0BCHFSRN2,B0BCHFSRN2,IZBMRKWY7R120,Advantage360 Palm Pads - Magnetic | Cushioned Foam | Washable,25.99,USD,true
2026-09-06,B0BCHHCZ2J,B0BCHHCZ2J,I2XGMXYMDOHHFW,Advantage360 Blank Keycap Set - PBT Plastic | 76 Key Set | Logo Keycap Puller,50.00,USD,true
2026-09-06,B0BF7DXLBF,B0BF7DXLBF,IU77YZXOZZXDF,"Fellow Stagg EKG Pro Gooseneck Electric Kettle, Brew Timer, 0.9 Liter | To-the-Degree Temp Control, Color LCD, Temp Hold, Stainless Steel, for Pour-Over Coffee & Tea, Quick Heating, Matte Black",152.95,USD,true
2026-09-06,B0CF9THQDK,B0CF9THQDK,I36P0F0DU9IBU1,"Blue Tees Golf Player+ AI-Powered GPS Speaker - Touchscreen Display, 10+ Hour Battery, 40,000+ Courses, Visual & Audible Distances, Hazard Detection, IPX7 Waterproof (Black)",,,false
2026-09-06,B0CNSMHQ3J,B0CNSMHQ3J,I17R9K20M03SXX,LACZ DENTON Pagani Design DD40 PD1783 Men's Watches Luxury Automatic Watch Men AR Sapphire Glass Mechanical Wristwatch Men 10Bar Japan Movement,144.99,USD,true
2026-09-06,B0CP5RMFN7,B0CP5RMFN7,IRPDG2XCLM0NE,"RollsTimi Pagani Design DD40 PD1783 Watches for Men, Japanese Automatic Movement, Day/Date Calendar, Stainless Steel Bracelet, Sapphire Crystal, Luxury Men's Automatic Watch.",144.99,USD,true
2026-09-06,B0CXDTP94L,B0CXDTP94L,I1H5MQZOP9CES3,"68oz 304 Stainless Steel Deep Fryer Pot with Basket & Strainer, Large Capacity Bacon Grease Container for Kitchen,Frying, Cooking, Camping,Oil Filter Container - Dishwasher Safe (68oz/2L/2.1Qt)",23.99,USD,true
2026-09-06,B0D1KB96ZP,B0D1KB96ZP,I39XRT1FQJCAGO,Pagani Design GMT Automatic Mechanical Men's Watch Rotating Ceramic Bezel Stainless Steel Watch with Date Function Men's Sport Watch,150.00,USD,true
2026-09-06,B0D22JRHZB,B0D22JRHZB,ITKJWU73M7L42,"UGREEN DXP4800 Plus 4-Bay NAS for Families, Creators & Small Teams | 4K Home Media, File Server & Hardware Transcoding, Intel 8505, 8GB DDR5, 10GbE&2.5GbE, Built-in 128G SSD, 2xM.2 NVMe,Diskless",656.99,USD,true
2026-09-06,B0DPR9LBJC,B0DPR9LBJC,I3MW6G9YTMMTX8,Votivo White Tea & Bergamot 10 oz Signature Candle | Soy Wax Blend | Luxury Glass Jar & Box | Home Decor |Gifts | Highly Scented,37.40,USD,true
2026-09-06,B0DVZBR9TJ,B0DVZBR9TJ,I1Q4XIXONYIP0F,"BuzzTV P6 PowerStation Media Hub with 8GB DDR4 RAM, Expandable NVMe Storage, Android 13, Dual Quad-Core Processors, Wireless AX and BT-500 Smart Remote",,,false
2026-09-06,B0DWT9J5L3,B0DWT9J5L3,IU0Z3O3TRLWKG,"Toy Battle Board Game | Tactical Tile Placement and Troop Strategy Game with 8 Unique Terrains, Fun for Kids & Adults, Ages 8+, 2 Players, 15 Mins",26.99,USD,true
2026-09-06,B0FDZHJCS2,B0FDZHJCS2,IG0ZA3XP2DQ6T,"Thunderworks Games: FlipToons | an Animated Deck-Building Card Game! | Easy to Learn Board Game with Classic Cartoon Style | Portable Small Box Family Game for 1-4 Players, Ages 10+, 15-30 Minutes",19.95,USD,true
2026-09-06,B0FQFB8FMG,B0FQFB8FMG,I22142G5IOO2ZR,"Apple AirPods Pro 3 Wireless Earbuds with Active Noise Cancellation | Live Translation, Heart Rate Sensing, Hearing Aid Feature, Bluetooth Headphones, Spatial Audio, USB-C Charging",199.00,USD,true
2026-09-06,B0FQMJGS4T,B0FQMJGS4T,IV0UBMM295PGT,"Fellow Pirch Cappuccino Cups 6.5 oz, Set of 2, Weighted Glass - Amber | Handcrafted Espresso Cup Set for Latte Art & Espresso, Dishwasher and Microwave Safe, Curved Interior, Soda Lime Coffee Mugs",39.95,USD,true
2026-09-06,B0FT39RFJB,B0FT39RFJB,I3REJ2Z3EOJ3HD,"CoolGeek M1 Vertical CD Player for Wall & Desk, Transparent Industrial Art Decor, Hi-Fi Bluetooth Transmitter (Requires External Speaker), 8H Rechargeable Battery, Wire-Free Aesthetic",159.00,USD,true
2026-09-06,B0GTB3BMYQ,B0GTB3BMYQ,I1FL364PQOPWUS,"iRobot Roomba 105X Robot Vacuum & Mop Combo, AutoEmpty Dock, Self‑Emptying for Up to 75 Days, 70× Power‑Lifting Suction, Smart LiDAR Mapping, App & Voice Control, Ideal for Homes with Pets & Kids",307.50,USD,true
2026-09-06,B0H6B2D9G6,B0H6B2D9G6,I3CMIU8LX4AAL4,"8Bitdo FlipPad Mobile Gaming Controller for iPhone and Android, G Classic | Flip-Style, USB-C Plug and Play, Vertical Mobile Gaming, Pocket-Ready and Case-Friendly, Tactile D-pad and ABXY controls",29.99,USD,true
2026-09-07,0300270968,0300270968,I3MRWHZEMQ9570,King Dollar: The Past and Future of the World's Dominant Currency,14.00,USD,true
2026-09-07,B001RBTSMM,B001RBTSMM,I3FCZD72VB4QBT,"HARIO V60 Plastic Coffee Dripper, Size 02, Clear | Plastic",12.39,USD,true
2026-09-07,B00NX627HW,B00NX627HW,I39GQ1MYSMXZUB,"Carcassonne Tile Placement Strategy Board Game, 2-5 Players, 35 Min | For tile fans, build a medieval landscape, Meeple placement adds strategy each turn, Randomized tiles keep games different",32.88,USD,true
2026-09-07,B076QDH9MY,B076QDH9MY,IE2DRY6MIIVNN,Z-MAN Evergreen Jack Hammer Chatterbait 3/8 Oz,20.99,USD,true
2026-09-07,B079ZPLL97,B079ZPLL97,ISYIWW6FMCFC7,"ONO Roller - Handheld Fidget Toy for Adults | Help Relieve Stress, Anxiety, Tension | Promotes Focus, Clarity | Compact, Portable Design (Black, Full Size - Aluminum)",40.00,USD,true
2026-09-07,B07BL7JXHV,B07BL7JXHV,I10ABVCUFJXPGO,"Travelpro Maxlite 5 Softside Carry-On Luggage Spinner, Black, 21-Inch | Expandable With 4 Wheels, Lightweight & Versatile Travel Design, Men & Women",160.00,USD,true
2026-09-07,B07GNDDNMW,B07GNDDNMW,I3NSX8I0OF132Q,"SIHOO M18 Ergonomic Office Chair, Mesh Back Desk Chair with Headrest | Adjustable Lumbar Support, Hold 330lbs Computer Chair with 2D Armrests & Wide Cushion, Tilt Lock, for Home Office - Black",146.99,USD,true
2026-09-07,B07WCR5Y4B,B07WCR5Y4B,I36EXJIRO7KRZP,TempPro TempAir Digital Hygrometer Indoor Thermometer | Humidity Meter Room Thermometer with Temperature and Humidity Monitor Mini Hygrometer,8.99,USD,true
2026-09-07,B08F65MX4L,B08F65MX4L,IRYBV735I6FQY,"Asmodee 7 Wonders Board Game (New Edition) - Lead Your Civilization to Prosperity, Strategy Game for Kids and Adults, Ages 10+, 3-7 Players, 30 Minute Playtime",59.99,USD,true
2026-09-07,B08HLVDCZW,B08HLVDCZW,I2HHXMWKNI7UL1,"Piscifun Speed X Fishing Line Spool No Twist Adjustable Handle for Reels | Aluminium handle, Fits spinning/bait/spincast reels, Prevents line twists, Smooth unwinding for easy spooling",25.64,USD,true
2026-09-07,B093H8RGXX,B093H8RGXX,I1TLY12MG73F4K,"Cascadia, Award-Winning Cozy Nature Board Game Set in the Pacific Northwest | 1-4 Players, Ages 10+, 30-45 Mins, Relaxing Tile-Laying, Build Habitats, Place Wildlife & Create Wildlife Corridors",37.62,USD,true
2026-09-07,B095QX1FSR,B095QX1FSR,I1BNX13CZDTLV3,"Garmin Approach R10, Portable Golf Launch Monitor, Take Your Game Home, Indoors or to The Driving Range, Up to 10 Hours Battery Life - 010-02356-00",489.50,USD,true
2026-09-07,B09BTLP4P1,B09BTLP4P1,I3496FGAMW5MFT,"Normcore 58.5mm Coffee Tamper V4 - Spring-Loaded Tamper with 15lb / 25lb / 30lbs Replacement Springs - Anodized Aluminum Handle and Stand - Stainless Steel Flat Base,Black",42.99,USD,true
2026-09-07,B09DDC7KMQ,B09DDC7KMQ,I225W0IRZJL69Z,Normcore 58.5mm Puck Screen - Lower Shower Screen - Metal Coffee Reusable Filter for Espresso Portafilter Filter Basket 58mm - 1.7mm Thickness 150μm - 316 Stainless Steel,13.99,USD,true
2026-09-07,B09GKTHBPH,B09GKTHBPH,I3H126LX6CX1OU,"Sorbus Soda Can Organizer for Fridge & Freezer, Stackable with Lid (2 Pack) | Clear dispenser holds 12 cans for refrigerator and pantry organization; secure lids and BPA-free construction.",29.99,USD,true
2026-09-07,B0BCHFHX6V,B0BCHFHX6V,IUQMUY60RAWMZ,Kinesis Advantage360 Split Ergonomic Keyboard - USB-C | Mechanical Switches | Fully Programmable | Contoured Shape | Adjustable Tenting | PBT Keycaps,479.00,USD,true
2026-09-07,B0BCHFSRN2,B0BCHFSRN2,IZBMRKWY7R120,Advantage360 Palm Pads - Magnetic | Cushioned Foam | Washable,25.99,USD,true
2026-09-07,B0BCHHCZ2J,B0BCHHCZ2J,I2XGMXYMDOHHFW,Advantage360 Blank Keycap Set - PBT Plastic | 76 Key Set | Logo Keycap Puller,50.00,USD,true
2026-09-07,B0BF7DXLBF,B0BF7DXLBF,IU77YZXOZZXDF,"Fellow Stagg EKG Pro Gooseneck Electric Kettle, Brew Timer, 0.9 Liter | To-the-Degree Temp Control, Color LCD, Temp Hold, Stainless Steel, for Pour-Over Coffee & Tea, Quick Heating, Matte Black",152.95,USD,true
2026-09-07,B0CF9THQDK,B0CF9THQDK,I36P0F0DU9IBU1,"Blue Tees Golf Player+ AI-Powered GPS Speaker - Touchscreen Display, 10+ Hour Battery, 40,000+ Courses, Visual & Audible Distances, Hazard Detection, IPX7 Waterproof (Black)",,,false
2026-09-07,B0CNSMHQ3J,B0CNSMHQ3J,I17R9K20M03SXX,LACZ DENTON Pagani Design DD40 PD1783 Men's Watches Luxury Automatic Watch Men AR Sapphire Glass Mechanical Wristwatch Men 10Bar Japan Movement,144.99,USD,true
2026-09-07,B0CP5RMFN7,B0CP5RMFN7,IRPDG2XCLM0NE,"RollsTimi Pagani Design DD40 PD1783 Watches for Men, Japanese Automatic Movement, Day/Date Calendar, Stainless Steel Bracelet, Sapphire Crystal, Luxury Men's Automatic Watch.",144.99,USD,true
2026-09-07,B0CXDTP94L,B0CXDTP94L,I1H5MQZOP9CES3,"68oz 304 Stainless Steel Deep Fryer Pot with Basket & Strainer, Large Capacity Bacon Grease Container for Kitchen,Frying, Cooking, Camping,Oil Filter Container - Dishwasher Safe (68oz/2L/2.1Qt)",23.99,USD,true
2026-09-07,B0D1KB96ZP,B0D1KB96ZP,I39XRT1FQJCAGO,Pagani Design GMT Automatic Mechanical Men's Watch Rotating Ceramic Bezel Stainless Steel Watch with Date Function Men's Sport Watch,150.00,USD,true
2026-09-07,B0D22JRHZB,B0D22JRHZB,ITKJWU73M7L42,"UGREEN DXP4800 Plus 4-Bay NAS for Families, Creators & Small Teams | 4K Home Media, File Server & Hardware Transcoding, Intel 8505, 8GB DDR5, 10GbE&2.5GbE, Built-in 128G SSD, 2xM.2 NVMe,Diskless",656.99,USD,true
2026-09-07,B0DPR9LBJC,B0DPR9LBJC,I3MW6G9YTMMTX8,Votivo White Tea & Bergamot 10 oz Signature Candle | Soy Wax Blend | Luxury Glass Jar & Box | Home Decor |Gifts | Highly Scented,37.40,USD,true
2026-09-07,B0DVZBR9TJ,B0DVZBR9TJ,I1Q4XIXONYIP0F,"BuzzTV P6 PowerStation Media Hub with 8GB DDR4 RAM, Expandable NVMe Storage, Android 13, Dual Quad-Core Processors, Wireless AX and BT-500 Smart Remote",,,false
2026-09-07,B0DWT9J5L3,B0DWT9J5L3,IU0Z3O3TRLWKG,"Toy Battle Board Game | Tactical Tile Placement and Troop Strategy Game with 8 Unique Terrains, Fun for Kids & Adults, Ages 8+, 2 Players, 15 Mins",26.99,USD,true
2026-09-07,B0FDZHJCS2,B0FDZHJCS2,IG0ZA3XP2DQ6T,"Thunderworks Games: FlipToons | an Animated Deck-Building Card Game! | Easy to Learn Board Game with Classic Cartoon Style | Portable Small Box Family Game for 1-4 Players, Ages 10+, 15-30 Minutes",19.95,USD,true
2026-09-07,B0FQFB8FMG,B0FQFB8FMG,I22142G5IOO2ZR,"Apple AirPods Pro 3 Wireless Earbuds with Active Noise Cancellation | Live Translation, Heart Rate Sensing, Hearing Aid Feature, Bluetooth Headphones, Spatial Audio, USB-C Charging",199.00,USD,true
2026-09-07,B0FQMJGS4T,B0FQMJGS4T,IV0UBMM295PGT,"Fellow Pirch Cappuccino Cups 6.5 oz, Set of 2, Weighted Glass - Amber | Handcrafted Espresso Cup Set for Latte Art & Espresso, Dishwasher and Microwave Safe, Curved Interior, Soda Lime Coffee Mugs",39.95,USD,true
2026-09-07,B0FT39RFJB,B0FT39RFJB,I3REJ2Z3EOJ3HD,"CoolGeek M1 Vertical CD Player for Wall & Desk, Transparent Industrial Art Decor, Hi-Fi Bluetooth Transmitter (Requires External Speaker), 8H Rechargeable Battery, Wire-Free Aesthetic",159.00,USD,true
2026-09-07,B0GTB3BMYQ,B0GTB3BMYQ,I1FL364PQOPWUS,"iRobot Roomba 105X Robot Vacuum & Mop Combo, AutoEmpty Dock, Self‑Emptying for Up to 75 Days, 70× Power‑Lifting Suction, Smart LiDAR Mapping, App & Voice Control, Ideal for Homes with Pets & Kids",307.50,USD,true
2026-09-07,B0H6B2D9G6,B0H6B2D9G6,I3CMIU8LX4AAL4,"8Bitdo FlipPad Mobile Gaming Controller for iPhone and Android, G Classic | Flip-Style, USB-C Plug and Play, Vertical Mobile Gaming, Pocket-Ready and Case-Friendly, Tactile D-pad and ABXY controls",29.99,USD,true
2026-09-08,0300270968,0300270968,I3MRWHZEMQ9570,King Dollar: The Past and Future of the World's Dominant Currency,14.00,USD,true
2026-09-08,B001RBTSMM,B001RBTSMM,I3FCZD72VB4QBT,"HARIO V60 Plastic Coffee Dripper, Size 02, Clear | Plastic",12.39,USD,true
2026-09-08,B00NX627HW,B00NX627HW,I39GQ1MYSMXZUB,"Carcassonne Tile Placement Strategy Board Game, 2-5 Players, 35 Min | For tile fans, build a medieval landscape, Meeple placement adds strategy each turn, Randomized tiles keep games different",32.88,USD,true
2026-09-08,B076QDH9MY,B076QDH9MY,IE2DRY6MIIVNN,Z-MAN Evergreen Jack Hammer Chatterbait 3/8 Oz,20.99,USD,true
2026-09-08,B079ZPLL97,B079ZPLL97,ISYIWW6FMCFC7,"ONO Roller - Handheld Fidget Toy for Adults | Help Relieve Stress, Anxiety, Tension | Promotes Focus, Clarity | Compact, Portable Design (Black, Full Size - Aluminum)",40.00,USD,true
2026-09-08,B07BL7JXHV,B07BL7JXHV,I10ABVCUFJXPGO,"Travelpro Maxlite 5 Softside Carry-On Luggage Spinner, Black, 21-Inch | Expandable With 4 Wheels, Lightweight & Versatile Travel Design, Men & Women",160.00,USD,true
2026-09-08,B07GNDDNMW,B07GNDDNMW,I3NSX8I0OF132Q,"SIHOO M18 Ergonomic Office Chair, Mesh Back Desk Chair with Headrest | Adjustable Lumbar Support, Hold 330lbs Computer Chair with 2D Armrests & Wide Cushion, Tilt Lock, for Home Office - Black",146.99,USD,true
2026-09-08,B07WCR5Y4B,B07WCR5Y4B,I36EXJIRO7KRZP,TempPro TempAir Digital Hygrometer Indoor Thermometer | Humidity Meter Room Thermometer with Temperature and Humidity Monitor Mini Hygrometer,8.99,USD,true
2026-09-08,B08F65MX4L,B08F65MX4L,IRYBV735I6FQY,"Asmodee 7 Wonders Board Game (New Edition) - Lead Your Civilization to Prosperity, Strategy Game for Kids and Adults, Ages 10+, 3-7 Players, 30 Minute Playtime",59.99,USD,true
2026-09-08,B08HLVDCZW,B08HLVDCZW,I2HHXMWKNI7UL1,"Piscifun Speed X Fishing Line Spool No Twist Adjustable Handle for Reels | Aluminium handle, Fits spinning/bait/spincast reels, Prevents line twists, Smooth unwinding for easy spooling",25.64,USD,true
2026-09-08,B093H8RGXX,B093H8RGXX,I1TLY12MG73F4K,"Cascadia, Award-Winning Cozy Nature Board Game Set in the Pacific Northwest | 1-4 Players, Ages 10+, 30-45 Mins, Relaxing Tile-Laying, Build Habitats, Place Wildlife & Create Wildlife Corridors",37.62,USD,true
2026-09-08,B095QX1FSR,B095QX1FSR,I1BNX13CZDTLV3,"Garmin Approach R10, Portable Golf Launch Monitor, Take Your Game Home, Indoors or to The Driving Range, Up to 10 Hours Battery Life - 010-02356-00",489.50,USD,true
2026-09-08,B09BTLP4P1,B09BTLP4P1,I3496FGAMW5MFT,"Normcore 58.5mm Coffee Tamper V4 - Spring-Loaded Tamper with 15lb / 25lb / 30lbs Replacement Springs - Anodized Aluminum Handle and Stand - Stainless Steel Flat Base,Black",42.99,USD,true
2026-09-08,B09DDC7KMQ,B09DDC7KMQ,I225W0IRZJL69Z,Normcore 58.5mm Puck Screen - Lower Shower Screen - Metal Coffee Reusable Filter for Espresso Portafilter Filter Basket 58mm - 1.7mm Thickness 150μm - 316 Stainless Steel,13.99,USD,true
2026-09-08,B09GKTHBPH,B09GKTHBPH,I3H126LX6CX1OU,"Sorbus Soda Can Organizer for Fridge & Freezer, Stackable with Lid (2 Pack) | Clear dispenser holds 12 cans for refrigerator and pantry organization; secure lids and BPA-free construction.",29.99,USD,true
2026-09-08,B0BCHFHX6V,B0BCHFHX6V,IUQMUY60RAWMZ,Kinesis Advantage360 Split Ergonomic Keyboard - USB-C | Mechanical Switches | Fully Programmable | Contoured Shape | Adjustable Tenting | PBT Keycaps,479.00,USD,true
2026-09-08,B0BCHFSRN2,B0BCHFSRN2,IZBMRKWY7R120,Advantage360 Palm Pads - Magnetic | Cushioned Foam | Washable,25.99,USD,true
2026-09-08,B0BCHHCZ2J,B0BCHHCZ2J,I2XGMXYMDOHHFW,Advantage360 Blank Keycap Set - PBT Plastic | 76 Key Set | Logo Keycap Puller,50.00,USD,true
2026-09-08,B0BF7DXLBF,B0BF7DXLBF,IU77YZXOZZXDF,"Fellow Stagg EKG Pro Gooseneck Electric Kettle, Brew Timer, 0.9 Liter | To-the-Degree Temp Control, Color LCD, Temp Hold, Stainless Steel, for Pour-Over Coffee & Tea, Quick Heating, Matte Black",179.95,,true
2026-09-08,B0CF9THQDK,B0CF9THQDK,I36P0F0DU9IBU1,"Blue Tees Golf Player+ AI-Powered GPS Speaker - Touchscreen Display, 10+ Hour Battery, 40,000+ Courses, Visual & Audible Distances, Hazard Detection, IPX7 Waterproof (Black)",,,false
2026-09-08,B0CNSMHQ3J,B0CNSMHQ3J,I17R9K20M03SXX,LACZ DENTON Pagani Design DD40 PD1783 Men's Watches Luxury Automatic Watch Men AR Sapphire Glass Mechanical Wristwatch Men 10Bar Japan Movement,144.99,USD,true
2026-09-08,B0CP5RMFN7,B0CP5RMFN7,IRPDG2XCLM0NE,"RollsTimi Pagani Design DD40 PD1783 Watches for Men, Japanese Automatic Movement, Day/Date Calendar, Stainless Steel Bracelet, Sapphire Crystal, Luxury Men's Automatic Watch.",144.99,USD,true
2026-09-08,B0CXDTP94L,B0CXDTP94L,I1H5MQZOP9CES3,"68oz 304 Stainless Steel Deep Fryer Pot with Basket & Strainer, Large Capacity Bacon Grease Container for Kitchen,Frying, Cooking, Camping,Oil Filter Container - Dishwasher Safe (68oz/2L/2.1Qt)",23.99,USD,true
2026-09-08,B0D1KB96ZP,B0D1KB96ZP,I39XRT1FQJCAGO,Pagani Design GMT Automatic Mechanical Men's Watch Rotating Ceramic Bezel Stainless Steel Watch with Date Function Men's Sport Watch,150.00,USD,true
2026-09-08,B0D22JRHZB,B0D22JRHZB,ITKJWU73M7L42,"UGREEN DXP4800 Plus 4-Bay NAS for Families, Creators & Small Teams | 4K Home Media, File Server & Hardware Transcoding, Intel 8505, 8GB DDR5, 10GbE&2.5GbE, Built-in 128G SSD, 2xM.2 NVMe,Diskless",656.99,USD,true
2026-09-08,B0DPR9LBJC,B0DPR9LBJC,I3MW6G9YTMMTX8,Votivo White Tea & Bergamot 10 oz Signature Candle | Soy Wax Blend | Luxury Glass Jar & Box | Home Decor |Gifts | Highly Scented,37.40,USD,true
2026-09-08,B0DVZBR9TJ,B0DVZBR9TJ,I1Q4XIXONYIP0F,"BuzzTV P6 PowerStation Media Hub with 8GB DDR4 RAM, Expandable NVMe Storage, Android 13, Dual Quad-Core Processors, Wireless AX and BT-500 Smart Remote",,,false
2026-09-08,B0DWT9J5L3,B0DWT9J5L3,IU0Z3O3TRLWKG,"Toy Battle Board Game | Tactical Tile Placement and Troop Strategy Game with 8 Unique Terrains, Fun for Kids & Adults, Ages 8+, 2 Players, 15 Mins",26.99,USD,true
2026-09-08,B0F9BX1TJX,B0F9BX1TJX,ITM53JLN4RDG5,"EDJY Fingernail Cutter Nail Cutter Stainless Steel Black | Sharp single-blade design delivers clean, precise cuts. Ergonomic stainless steel resists rust for lasting durability.",18.00,USD,true
2026-09-08,B0FDZHJCS2,B0FDZHJCS2,IG0ZA3XP2DQ6T,"Thunderworks Games: FlipToons | an Animated Deck-Building Card Game! | Easy to Learn Board Game with Classic Cartoon Style | Portable Small Box Family Game for 1-4 Players, Ages 10+, 15-30 Minutes",19.95,USD,true
2026-09-08,B0FQFB8FMG,B0FQFB8FMG,I22142G5IOO2ZR,"Apple AirPods Pro 3 Wireless Earbuds with Active Noise Cancellation | Live Translation, Heart Rate Sensing, Hearing Aid Feature, Bluetooth Headphones, Spatial Audio, USB-C Charging",199.00,USD,true
2026-09-08,B0FQMJGS4T,B0FQMJGS4T,IV0UBMM295PGT,"Fellow Pirch Cappuccino Cups 6.5 oz, Set of 2, Weighted Glass - Amber | Handcrafted Espresso Cup Set for Latte Art & Espresso, Dishwasher and Microwave Safe, Curved Interior, Soda Lime Coffee Mugs",39.95,USD,true
2026-09-08,B0FT39RFJB,B0FT39RFJB,I3REJ2Z3EOJ3HD,"CoolGeek M1 Vertical CD Player for Wall & Desk, Transparent Industrial Art Decor, Hi-Fi Bluetooth Transmitter (Requires External Speaker), 8H Rechargeable Battery, Wire-Free Aesthetic",159.00,USD,true
2026-09-08,B0GTB3BMYQ,B0GTB3BMYQ,I1FL364PQOPWUS,"iRobot Roomba 105X Robot Vacuum & Mop Combo, AutoEmpty Dock, Self‑Emptying for Up to 75 Days, 70× Power‑Lifting Suction, Smart LiDAR Mapping, App & Voice Control, Ideal for Homes with Pets & Kids",307.50,USD,true
2026-09-08,B0H6B2D9G6,B0H6B2D9G6,I3CMIU8LX4AAL4,"8Bitdo FlipPad Mobile Gaming Controller for iPhone and Android, G Classic | Flip-Style, USB-C Plug and Play, Vertical Mobile Gaming, Pocket-Ready and Case-Friendly, Tactile D-pad and ABXY controls",29.99,USD,true
2026-09-09,0300270968,0300270968,I3MRWHZEMQ9570,King Dollar: The Past and Future of the World's Dominant Currency,14.00,USD,true
2026-09-09,B001RBTSMM,B001RBTSMM,I3FCZD72VB4QBT,"HARIO V60 Plastic Coffee Dripper, Size 02, Clear | Plastic",12.39,USD,true
2026-09-09,B00NX627HW,B00NX627HW,I39GQ1MYSMXZUB,"Carcassonne Tile Placement Strategy Board Game, 2-5 Players, 35 Min | For tile fans, build a medieval landscape, Meeple placement adds strategy each turn, Randomized tiles keep games different",32.88,USD,true
2026-09-09,B076QDH9MY,B076QDH9MY,IE2DRY6MIIVNN,Z-MAN Evergreen Jack Hammer Chatterbait 3/8 Oz,20.99,USD,true
2026-09-09,B079ZPLL97,B079ZPLL97,ISYIWW6FMCFC7,"ONO Roller - Handheld Fidget Toy for Adults | Help Relieve Stress, Anxiety, Tension | Promotes Focus, Clarity | Compact, Portable Design (Black, Full Size - Aluminum)",40.00,USD,true
2026-09-09,B07BL7JXHV,B07BL7JXHV,I10ABVCUFJXPGO,"Travelpro Maxlite 5 Softside Carry-On Luggage Spinner, Black, 21-Inch | Expandable With 4 Wheels, Lightweight & Versatile Travel Design, Men & Women",160.00,USD,true
2026-09-09,B07GNDDNMW,B07GNDDNMW,I3NSX8I0OF132Q,"SIHOO M18 Ergonomic Office Chair, Mesh Back Desk Chair with Headrest | Adjustable Lumbar Support, Hold 330lbs Computer Chair with 2D Armrests & Wide Cushion, Tilt Lock, for Home Office - Black",146.99,USD,true
2026-09-09,B07WCR5Y4B,B07WCR5Y4B,I36EXJIRO7KRZP,TempPro TempAir Digital Hygrometer Indoor Thermometer | Humidity Meter Room Thermometer with Temperature and Humidity Monitor Mini Hygrometer,8.99,USD,true
2026-09-09,B08F65MX4L,B08F65MX4L,IRYBV735I6FQY,"Asmodee 7 Wonders Board Game (New Edition) - Lead Your Civilization to Prosperity, Strategy Game for Kids and Adults, Ages 10+, 3-7 Players, 30 Minute Playtime",54.99,USD,true
2026-09-09,B08HLVDCZW,B08HLVDCZW,I2HHXMWKNI7UL1,"Piscifun Speed X Fishing Line Spool No Twist Adjustable Handle for Reels | Aluminium handle, Fits spinning/bait/spincast reels, Prevents line twists, Smooth unwinding for easy spooling",25.64,USD,true
2026-09-09,B093H8RGXX,B093H8RGXX,I1TLY12MG73F4K,"Cascadia, Award-Winning Cozy Nature Board Game Set in the Pacific Northwest | 1-4 Players, Ages 10+, 30-45 Mins, Relaxing Tile-Laying, Build Habitats, Place Wildlife & Create Wildlife Corridors",37.60,USD,true
2026-09-09,B095QX1FSR,B095QX1FSR,I1BNX13CZDTLV3,"Garmin Approach R10, Portable Golf Launch Monitor, Take Your Game Home, Indoors or to The Driving Range, Up to 10 Hours Battery Life - 010-02356-00",489.50,USD,true
2026-09-09,B09BTLP4P1,B09BTLP4P1,I3496FGAMW5MFT,"Normcore 58.5mm Coffee Tamper V4 - Spring-Loaded Tamper with 15lb / 25lb / 30lbs Replacement Springs - Anodized Aluminum Handle and Stand - Stainless Steel Flat Base,Black",42.99,USD,true
2026-09-09,B09DDC7KMQ,B09DDC7KMQ,I225W0IRZJL69Z,Normcore 58.5mm Puck Screen - Lower Shower Screen - Metal Coffee Reusable Filter for Espresso Portafilter Filter Basket 58mm - 1.7mm Thickness 150μm - 316 Stainless Steel,13.99,USD,true
2026-09-09,B09GKTHBPH,B09GKTHBPH,I3H126LX6CX1OU,"Sorbus Soda Can Organizer for Fridge & Freezer, Stackable with Lid (2 Pack) | Clear dispenser holds 12 cans for refrigerator and pantry organization; secure lids and BPA-free construction.",29.99,USD,true
2026-09-09,B0BCHFHX6V,B0BCHFHX6V,IUQMUY60RAWMZ,Kinesis Advantage360 Split Ergonomic Keyboard - USB-C | Mechanical Switches | Fully Programmable | Contoured Shape | Adjustable Tenting | PBT Keycaps,479.00,USD,true
2026-09-09,B0BCHFSRN2,B0BCHFSRN2,IZBMRKWY7R120,Advantage360 Palm Pads - Magnetic | Cushioned Foam | Washable,25.99,USD,true
2026-09-09,B0BCHHCZ2J,B0BCHHCZ2J,I2XGMXYMDOHHFW,Advantage360 Blank Keycap Set - PBT Plastic | 76 Key Set | Logo Keycap Puller,50.00,USD,true
2026-09-09,B0BF7DXLBF,B0BF7DXLBF,IU77YZXOZZXDF,"Fellow Stagg EKG Pro Gooseneck Electric Kettle, Brew Timer, 0.9 Liter | Temperature Control, Color LCD, Temp Hold, Stainless Steel Tea Kettle, for Pour-Over Coffee & Tea, Quick Heating, Matte Black",179.95,USD,true
2026-09-09,B0CF9THQDK,B0CF9THQDK,I36P0F0DU9IBU1,"Blue Tees Golf Player+ AI-Powered GPS Speaker - Touchscreen Display, 10+ Hour Battery, 40,000+ Courses, Visual & Audible Distances, Hazard Detection, IPX7 Waterproof (Black)",169.98,USD,true
2026-09-09,B0CNSMHQ3J,B0CNSMHQ3J,I17R9K20M03SXX,LACZ DENTON Pagani Design DD40 PD1783 Men's Watches Luxury Automatic Watch Men AR Sapphire Glass Mechanical Wristwatch Men 10Bar Japan Movement,144.99,USD,true
2026-09-09,B0CP5RMFN7,B0CP5RMFN7,IRPDG2XCLM0NE,"RollsTimi Pagani Design DD40 PD1783 Watches for Men, Japanese Automatic Movement, Day/Date Calendar, Stainless Steel Bracelet, Sapphire Crystal, Luxury Men's Automatic Watch.",144.99,USD,true
2026-09-09,B0CXDTP94L,B0CXDTP94L,I1H5MQZOP9CES3,"68oz 304 Stainless Steel Deep Fryer Pot with Basket & Strainer, Large Capacity Bacon Grease Container for Kitchen,Frying, Cooking, Camping,Oil Filter Container - Dishwasher Safe (68oz/2L/2.1Qt)",23.99,USD,true
2026-09-09,B0D1KB96ZP,B0D1KB96ZP,I39XRT1FQJCAGO,Pagani Design GMT Automatic Mechanical Men's Watch Rotating Ceramic Bezel Stainless Steel Watch with Date Function Men's Sport Watch,150.00,USD,true
2026-09-09,B0D22JRHZB,B0D22JRHZB,ITKJWU73M7L42,"UGREEN DXP4800 Plus 4-Bay NAS for Families, Creators & Small Teams | 4K Home Media, File Server & Hardware Transcoding, Intel 8505, 8GB DDR5, 10GbE&2.5GbE, Built-in 128G SSD, 2xM.2 NVMe,Diskless",656.99,USD,true
2026-09-09,B0DPR9LBJC,B0DPR9LBJC,I3MW6G9YTMMTX8,Votivo White Tea & Bergamot 10 oz Signature Candle | Soy Wax Blend | Luxury Glass Jar & Box | Home Decor |Gifts | Highly Scented,44.00,USD,true
2026-09-09,B0DVZBR9TJ,B0DVZBR9TJ,I1Q4XIXONYIP0F,"BuzzTV P6 PowerStation Media Hub with 16GB DDR4 RAM, Expandable NVMe Storage, Android 13, Dual Quad-Core Processors, Wireless AX and BT-500 Smart Remote",,,false
2026-09-09,B0DWT9J5L3,B0DWT9J5L3,IU0Z3O3TRLWKG,"Toy Battle Board Game | Tactical Tile Placement and Troop Strategy Game with 8 Unique Terrains, Fun for Kids & Adults, Ages 8+, 2 Players, 15 Mins",26.99,USD,true
2026-09-09,B0F9BX1TJX,B0F9BX1TJX,ITM53JLN4RDG5,"EDJY Fingernail Cutter Nail Cutter Stainless Steel Black | Sharp single-blade design delivers clean, precise cuts. Ergonomic stainless steel resists rust for lasting durability.",18.00,USD,true
2026-09-09,B0FDZHJCS2,B0FDZHJCS2,IG0ZA3XP2DQ6T,"Thunderworks Games: FlipToons | an Animated Deck-Building Card Game! | Easy to Learn Board Game with Classic Cartoon Style | Portable Small Box Family Game for 1-4 Players, Ages 10+, 15-30 Minutes",19.95,USD,true
2026-09-09,B0FQFB8FMG,B0FQFB8FMG,I22142G5IOO2ZR,"Apple AirPods Pro 3 Wireless Earbuds with Active Noise Cancellation | Live Translation, Heart Rate Sensing, Hearing Aid Feature, Bluetooth Headphones, Spatial Audio, USB-C Charging",199.00,USD,true
2026-09-09,B0FQMJGS4T,B0FQMJGS4T,IV0UBMM295PGT,"Fellow Pirch Cappuccino Cups 6.5 oz, Set of 2, Weighted Glass - Amber | Handcrafted Espresso Cup Set for Latte Art & Espresso, Dishwasher and Microwave Safe, Curved Interior, Soda Lime Coffee Mugs",39.95,USD,true
2026-09-09,B0FT39RFJB,B0FT39RFJB,I3REJ2Z3EOJ3HD,"CoolGeek M1 Vertical CD Player for Wall & Desk, Transparent Industrial Art Decor, Hi-Fi Bluetooth Transmitter (Requires External Speaker), 8H Rechargeable Battery, Wire-Free Aesthetic",159.00,USD,true
2026-09-09,B0GTB3BMYQ,B0GTB3BMYQ,I1FL364PQOPWUS,"iRobot Roomba 105X Robot Vacuum & Mop Combo, AutoEmpty Dock, Self‑Emptying for Up to 75 Days, 70× Power‑Lifting Suction, Smart LiDAR Mapping, App & Voice Control, Ideal for Homes with Pets & Kids",307.50,USD,true
2026-09-09,B0H6B2D9G6,B0H6B2D9G6,I3CMIU8LX4AAL4,"8Bitdo FlipPad Mobile Gaming Controller for iPhone and Android, G Classic | Flip-Style, USB-C Plug and Play, Vertical Mobile Gaming, Pocket-Ready and Case-Friendly, Tactile D-pad and ABXY controls",29.99,USD,true
2026-09-10,0300270968,0300270968,I3MRWHZEMQ9570,King Dollar: The Past and Future of the World's Dominant Currency,14.00,USD,true
2026-09-10,B001RBTSMM,B001RBTSMM,I3FCZD72VB4QBT,"HARIO V60 Plastic Coffee Dripper, Size 02, Clear | Plastic",12.39,USD,true
2026-09-10,B00NX627HW,B00NX627HW,I39GQ1MYSMXZUB,"Carcassonne Tile Placement Strategy Board Game, 2-5 Players, 35 Min | For tile fans, build a medieval landscape, Meeple placement adds strategy each turn, Randomized tiles keep games different",32.88,USD,true
2026-09-10,B076QDH9MY,B076QDH9MY,IE2DRY6MIIVNN,Z-MAN Evergreen Jack Hammer Chatterbait 3/8 Oz,20.99,USD,true
2026-09-10,B079ZPLL97,B079ZPLL97,ISYIWW6FMCFC7,"ONO Roller - Handheld Fidget Toy for Adults | Help Relieve Stress, Anxiety, Tension | Promotes Focus, Clarity | Compact, Portable Design (Black, Full Size - Aluminum)",40.00,USD,true
2026-09-10,B07BL7JXHV,B07BL7JXHV,I10ABVCUFJXPGO,"Travelpro Maxlite 5 Softside Carry-On Luggage Spinner, Black, 21-Inch | Expandable With 4 Wheels, Lightweight & Versatile Travel Design, Men & Women",160.00,USD,true
2026-09-10,B07GNDDNMW,B07GNDDNMW,I3NSX8I0OF132Q,"SIHOO M18 Ergonomic Office Chair, Mesh Back Desk Chair with Headrest | Adjustable Lumbar Support, Hold 330lbs Computer Chair with 2D Armrests & Wide Cushion, Tilt Lock, for Home Office - Black",146.99,USD,true
2026-09-10,B07WCR5Y4B,B07WCR5Y4B,I36EXJIRO7KRZP,TempPro TempAir Digital Hygrometer Indoor Thermometer | Humidity Meter Room Thermometer with Temperature and Humidity Monitor Mini Hygrometer,8.99,USD,true
2026-09-10,B08F65MX4L,B08F65MX4L,IRYBV735I6FQY,"Asmodee 7 Wonders Board Game (New Edition) - Lead Your Civilization to Prosperity, Strategy Game for Kids and Adults, Ages 10+, 3-7 Players, 30 Minute Playtime",54.99,USD,true
2026-09-10,B08HLVDCZW,B08HLVDCZW,I2HHXMWKNI7UL1,"Piscifun Speed X Fishing Line Spool No Twist Adjustable Handle for Reels | Aluminium handle, Fits spinning/bait/spincast reels, Prevents line twists, Smooth unwinding for easy spooling",25.64,USD,true
2026-09-10,B093H8RGXX,B093H8RGXX,I1TLY12MG73F4K,"Cascadia, Award-Winning Cozy Nature Board Game Set in the Pacific Northwest | 1-4 Players, Ages 10+, 30-45 Mins, Relaxing Tile-Laying, Build Habitats, Place Wildlife & Create Wildlife Corridors",37.60,USD,true
2026-09-10,B095QX1FSR,B095QX1FSR,I1BNX13CZDTLV3,"Garmin Approach R10, Portable Golf Launch Monitor, Take Your Game Home, Indoors or to The Driving Range, Up to 10 Hours Battery Life - 010-02356-00",489.50,USD,true
2026-09-10,B09BTLP4P1,B09BTLP4P1,I3496FGAMW5MFT,"Normcore 58.5mm Coffee Tamper V4 - Spring-Loaded Tamper with 15lb / 25lb / 30lbs Replacement Springs - Anodized Aluminum Handle and Stand - Stainless Steel Flat Base,Black",42.99,USD,true
2026-09-10,B09DDC7KMQ,B09DDC7KMQ,I225W0IRZJL69Z,Normcore 58.5mm Puck Screen - Lower Shower Screen - Metal Coffee Reusable Filter for Espresso Portafilter Filter Basket 58mm - 1.7mm Thickness 150μm - 316 Stainless Steel,13.99,USD,true
2026-09-10,B09GKTHBPH,B09GKTHBPH,I3H126LX6CX1OU,"Sorbus Soda Can Organizer for Fridge & Freezer, Stackable with Lid (2 Pack) | Clear dispenser holds 12 cans for refrigerator and pantry organization; secure lids and BPA-free construction.",29.99,USD,true
2026-09-10,B0BCHFHX6V,B0BCHFHX6V,IUQMUY60RAWMZ,Kinesis Advantage360 Split Ergonomic Keyboard - USB-C | Mechanical Switches | Fully Programmable | Contoured Shape | Adjustable Tenting | PBT Keycaps,479.00,USD,true
2026-09-10,B0BCHFSRN2,B0BCHFSRN2,IZBMRKWY7R120,Advantage360 Palm Pads - Magnetic | Cushioned Foam | Washable,25.99,USD,true
2026-09-10,B0BCHHCZ2J,B0BCHHCZ2J,I2XGMXYMDOHHFW,Advantage360 Blank Keycap Set - PBT Plastic | 76 Key Set | Logo Keycap Puller,50.00,USD,true
2026-09-10,B0BF7DXLBF,B0BF7DXLBF,IU77YZXOZZXDF,"Fellow Stagg EKG Pro Gooseneck Electric Kettle, Brew Timer, 0.9 Liter | Temperature Control, Color LCD, Temp Hold, Stainless Steel Tea Kettle, for Pour-Over Coffee & Tea, Quick Heating, Matte Black",179.95,USD,true
2026-09-10,B0CF9THQDK,B0CF9THQDK,I36P0F0DU9IBU1,"Blue Tees Golf Player+ AI-Powered GPS Speaker - Touchscreen Display, 10+ Hour Battery, 40,000+ Courses, Visual & Audible Distances, Hazard Detection, IPX7 Waterproof (Black)",169.98,USD,true
2026-09-10,B0CNSMHQ3J,B0CNSMHQ3J,I17R9K20M03SXX,LACZ DENTON Pagani Design DD40 PD1783 Men's Watches Luxury Automatic Watch Men AR Sapphire Glass Mechanical Wristwatch Men 10Bar Japan Movement,144.99,USD,true
2026-09-10,B0CP5RMFN7,B0CP5RMFN7,IRPDG2XCLM0NE,"RollsTimi Pagani Design DD40 PD1783 Watches for Men, Japanese Automatic Movement, Day/Date Calendar, Stainless Steel Bracelet, Sapphire Crystal, Luxury Men's Automatic Watch.",144.99,USD,true
2026-09-10,B0CXDTP94L,B0CXDTP94L,I1H5MQZOP9CES3,"68oz 304 Stainless Steel Deep Fryer Pot with Basket & Strainer, Large Capacity Bacon Grease Container for Kitchen,Frying, Cooking, Camping,Oil Filter Container - Dishwasher Safe (68oz/2L/2.1Qt)",23.99,USD,true
2026-09-10,B0D1KB96ZP,B0D1KB96ZP,I39XRT1FQJCAGO,Pagani Design GMT Automatic Mechanical Men's Watch Rotating Ceramic Bezel Stainless Steel Watch with Date Function Men's Sport Watch,150.00,USD,true
2026-09-10,B0D22JRHZB,B0D22JRHZB,ITKJWU73M7L42,"UGREEN DXP4800 Plus 4-Bay NAS for Families, Creators & Small Teams | 4K Home Media, File Server & Hardware Transcoding, Intel 8505, 8GB DDR5, 10GbE&2.5GbE, Built-in 128G SSD, 2xM.2 NVMe,Diskless",619.99,USD,true
2026-09-10,B0DPR9LBJC,B0DPR9LBJC,I3MW6G9YTMMTX8,Votivo White Tea & Bergamot 10 oz Signature Candle | Soy Wax Blend | Luxury Glass Jar & Box | Home Decor |Gifts | Highly Scented,44.00,USD,true
2026-09-10,B0DVZBR9TJ,B0DVZBR9TJ,I1Q4XIXONYIP0F,"BuzzTV P6 PowerStation Media Hub with 16GB DDR4 RAM, Expandable NVMe Storage, Android 13, Dual Quad-Core Processors, Wireless AX and BT-500 Smart Remote",,,false
2026-09-10,B0DWT9J5L3,B0DWT9J5L3,IU0Z3O3TRLWKG,"Toy Battle Board Game | Tactical Tile Placement and Troop Strategy Game with 8 Unique Terrains, Fun for Kids & Adults, Ages 8+, 2 Players, 15 Mins",26.99,USD,true
2026-09-10,B0F9BX1TJX,B0F9BX1TJX,ITM53JLN4RDG5,"EDJY Fingernail Cutter Nail Cutter Stainless Steel Black | Sharp single-blade design delivers clean, precise cuts. Ergonomic stainless steel resists rust for lasting durability.",18.00,USD,true
2026-09-10,B0FDZHJCS2,B0FDZHJCS2,IG0ZA3XP2DQ6T,"Thunderworks Games: FlipToons | an Animated Deck-Building Card Game! | Easy to Learn Board Game with Classic Cartoon Style | Portable Small Box Family Game for 1-4 Players, Ages 10+, 15-30 Minutes",19.95,USD,true
2026-09-10,B0FQFB8FMG,B0FQFB8FMG,I22142G5IOO2ZR,"Apple AirPods Pro 3 Wireless Earbuds with Active Noise Cancellation | Live Translation, Heart Rate Sensing, Hearing Aid Feature, Bluetooth Headphones, Spatial Audio, USB-C Charging",199.00,USD,true
2026-09-10,B0FQMJGS4T,B0FQMJGS4T,IV0UBMM295PGT,"Fellow Pirch Cappuccino Cups 6.5 oz, Set of 2, Weighted Glass - Amber | Handcrafted Espresso Cup Set for Latte Art & Espresso, Dishwasher and Microwave Safe, Curved Interior, Soda Lime Coffee Mugs",39.95,USD,true
2026-09-10,B0FT39RFJB,B0FT39RFJB,I3REJ2Z3EOJ3HD,"CoolGeek M1 Vertical CD Player for Wall & Desk, Transparent Industrial Art Decor, Hi-Fi Bluetooth Transmitter (Requires External Speaker), 8H Rechargeable Battery, Wire-Free Aesthetic",159.00,USD,true
2026-09-10,B0GTB3BMYQ,B0GTB3BMYQ,I1FL364PQOPWUS,"iRobot Roomba 105X Robot Vacuum & Mop Combo, AutoEmpty Dock, Self‑Emptying for Up to 75 Days, 70× Power‑Lifting Suction, Smart LiDAR Mapping, App & Voice Control, Ideal for Homes with Pets & Kids",307.50,USD,true
2026-09-10,B0H6B2D9G6,B0H6B2D9G6,I3CMIU8LX4AAL4,"8Bitdo FlipPad Mobile Gaming Controller for iPhone and Android, G Classic | Flip-Style, USB-C Plug and Play, Vertical Mobile Gaming, Pocket-Ready and Case-Friendly, Tactile D-pad and ABXY controls",29.99,USD,true
2026-09-11,0300270968,0300270968,I3MRWHZEMQ9570,King Dollar: The Past and Future of the World's Dominant Currency,14.00,USD,true
2026-09-11,B001RBTSMM,B001RBTSMM,I3FCZD72VB4QBT,"HARIO V60 Plastic Coffee Dripper, Size 02, Clear | Plastic",12.49,USD,true
2026-09-11,B00NX627HW,B00NX627HW,I39GQ1MYSMXZUB,"Carcassonne Tile Placement Strategy Board Game, 2-5 Players, 35 Min | For tile fans, build a medieval landscape, Meeple placement adds strategy each turn, Randomized tiles keep games different",32.88,USD,true
2026-09-11,B076QDH9MY,B076QDH9MY,IE2DRY6MIIVNN,Z-MAN Evergreen Jack Hammer Chatterbait 3/8 Oz,20.99,USD,true
2026-09-11,B079ZPLL97,B079ZPLL97,ISYIWW6FMCFC7,"ONO Roller - Handheld Fidget Toy for Adults | Help Relieve Stress, Anxiety, Tension | Promotes Focus, Clarity | Compact, Portable Design (Black, Full Size - Aluminum)",40.00,USD,true
2026-09-11,B07BL7JXHV,B07BL7JXHV,I10ABVCUFJXPGO,"Travelpro Maxlite 5 Softside Carry-On Luggage Spinner, Black, 21-Inch | Expandable With 4 Wheels, Lightweight & Versatile Travel Design, Men & Women",160.00,USD,true
2026-09-11,B07GNDDNMW,B07GNDDNMW,I3NSX8I0OF132Q,"SIHOO M18 Ergonomic Office Chair, Mesh Back Desk Chair with Headrest | Adjustable Lumbar Support, Hold 330lbs Computer Chair with 2D Armrests & Wide Cushion, Tilt Lock, for Home Office - Black",146.99,USD,true
2026-09-11,B07WCR5Y4B,B07WCR5Y4B,I36EXJIRO7KRZP,TempPro TempAir Digital Hygrometer Indoor Thermometer | Humidity Meter Room Thermometer with Temperature and Humidity Monitor Mini Hygrometer,8.99,USD,true
2026-09-11,B08F65MX4L,B08F65MX4L,IRYBV735I6FQY,"Asmodee 7 Wonders Board Game (New Edition) - Lead Your Civilization to Prosperity, Strategy Game for Kids and Adults, Ages 10+, 3-7 Players, 30 Minute Playtime",54.99,USD,true
2026-09-11,B08HLVDCZW,B08HLVDCZW,I2HHXMWKNI7UL1,"Piscifun Speed X Fishing Line Spool No Twist Adjustable Handle for Reels | Aluminium handle, Fits spinning/bait/spincast reels, Prevents line twists, Smooth unwinding for easy spooling",25.64,USD,true
2026-09-11,B093H8RGXX,B093H8RGXX,I1TLY12MG73F4K,"Cascadia, Award-Winning Cozy Nature Board Game Set in the Pacific Northwest | 1-4 Players, Ages 10+, 30-45 Mins, Relaxing Tile-Laying, Build Habitats, Place Wildlife & Create Wildlife Corridors",37.64,USD,true
2026-09-11,B095QX1FSR,B095QX1FSR,I1BNX13CZDTLV3,"Garmin Approach R10, Portable Golf Launch Monitor, Take Your Game Home, Indoors or to The Driving Range, Up to 10 Hours Battery Life - 010-02356-00",489.50,USD,true
2026-09-11,B09BTLP4P1,B09BTLP4P1,I3496FGAMW5MFT,"Normcore 58.5mm Coffee Tamper V4 - Spring-Loaded Tamper with 15lb / 25lb / 30lbs Replacement Springs - Anodized Aluminum Handle and Stand - Stainless Steel Flat Base,Black",42.99,USD,true
2026-09-11,B09DDC7KMQ,B09DDC7KMQ,I225W0IRZJL69Z,Normcore 58.5mm Puck Screen - Lower Shower Screen - Metal Coffee Reusable Filter for Espresso Portafilter Filter Basket 58mm - 1.7mm Thickness 150μm - 316 Stainless Steel,13.99,USD,true
2026-09-11,B09GKTHBPH,B09GKTHBPH,I3H126LX6CX1OU,"Sorbus Soda Can Organizer for Fridge & Freezer, Stackable with Lid (2 Pack) | Clear dispenser holds 12 cans for refrigerator and pantry organization; secure lids and BPA-free construction.",29.99,USD,true
2026-09-11,B0BCHFHX6V,B0BCHFHX6V,IUQMUY60RAWMZ,Kinesis Advantage360 Split Ergonomic Keyboard - USB-C | Mechanical Switches | Fully Programmable | Contoured Shape | Adjustable Tenting | PBT Keycaps,479.00,USD,true
2026-09-11,B0BCHFSRN2,B0BCHFSRN2,IZBMRKWY7R120,Advantage360 Palm Pads - Magnetic | Cushioned Foam | Washable,25.99,USD,true
2026-09-11,B0BCHHCZ2J,B0BCHHCZ2J,I2XGMXYMDOHHFW,Advantage360 Blank Keycap Set - PBT Plastic | 76 Key Set | Logo Keycap Puller,50.00,USD,true
2026-09-11,B0BF7DXLBF,B0BF7DXLBF,IU77YZXOZZXDF,"Fellow Stagg EKG Pro Gooseneck Electric Kettle, Brew Timer, 0.9 Liter | Temperature Control, Color LCD, Temp Hold, Stainless Steel Tea Kettle, for Pour-Over Coffee & Tea, Quick Heating, Matte Black",179.95,USD,true
2026-09-11,B0CF9THQDK,B0CF9THQDK,I36P0F0DU9IBU1,"Blue Tees Golf Player+ AI-Powered GPS Speaker - Touchscreen Display, 10+ Hour Battery, 40,000+ Courses, Visual & Audible Distances, Hazard Detection, IPX7 Waterproof (Black)",,,false
2026-09-11,B0CNSMHQ3J,B0CNSMHQ3J,I17R9K20M03SXX,LACZ DENTON Pagani Design DD40 PD1783 Men's Watches Luxury Automatic Watch Men AR Sapphire Glass Mechanical Wristwatch Men 10Bar Japan Movement,144.99,USD,true
2026-09-11,B0CP5RMFN7,B0CP5RMFN7,IRPDG2XCLM0NE,"RollsTimi Pagani Design DD40 PD1783 Watches for Men, Japanese Automatic Movement, Day/Date Calendar, Stainless Steel Bracelet, Sapphire Crystal, Luxury Men's Automatic Watch.",144.99,USD,true
2026-09-11,B0CXDTP94L,B0CXDTP94L,I1H5MQZOP9CES3,"68oz 304 Stainless Steel Deep Fryer Pot with Basket & Strainer, Large Capacity Bacon Grease Container for Kitchen,Frying, Cooking, Camping,Oil Filter Container - Dishwasher Safe (68oz/2L/2.1Qt)",23.99,USD,true
2026-09-11,B0D1KB96ZP,B0D1KB96ZP,I39XRT1FQJCAGO,Pagani Design GMT Automatic Mechanical Men's Watch Rotating Ceramic Bezel Stainless Steel Watch with Date Function Men's Sport Watch,150.00,USD,true
2026-09-11,B0D22JRHZB,B0D22JRHZB,ITKJWU73M7L42,"UGREEN DXP4800 Plus 4-Bay NAS for Families, Creators & Small Teams | 4K Home Media, File Server & Hardware Transcoding, Intel 8505, 8GB DDR5, 10GbE&2.5GbE, Built-in 128G SSD, 2xM.2 NVMe,Diskless",619.99,USD,true
2026-09-11,B0DPR9LBJC,B0DPR9LBJC,I3MW6G9YTMMTX8,Votivo White Tea & Bergamot 10 oz Signature Candle | Soy Wax Blend | Luxury Glass Jar & Box | Home Decor |Gifts | Highly Scented,44.00,USD,true
2026-09-11,B0DVZBR9TJ,B0DVZBR9TJ,I1Q4XIXONYIP0F,"BuzzTV P6 PowerStation Media Hub with 16GB DDR4 RAM, Expandable NVMe Storage, Android 13, Dual Quad-Core Processors, Wireless AX and BT-500 Smart Remote",,,false
2026-09-11,B0DWT9J5L3,B0DWT9J5L3,IU0Z3O3TRLWKG,"Toy Battle Board Game | Tactical Tile Placement and Troop Strategy Game with 8 Unique Terrains, Fun for Kids & Adults, Ages 8+, 2 Players, 15 Mins",26.99,USD,true
2026-09-11,B0F9BX1TJX,B0F9BX1TJX,ITM53JLN4RDG5,"EDJY Fingernail Cutter Nail Cutter Stainless Steel Black | Sharp single-blade design delivers clean, precise cuts. Ergonomic stainless steel resists rust for lasting durability.",18.00,USD,true
2026-09-11,B0FDZHJCS2,B0FDZHJCS2,IG0ZA3XP2DQ6T,"Thunderworks Games: FlipToons | an Animated Deck-Building Card Game! | Easy to Learn Board Game with Classic Cartoon Style | Portable Small Box Family Game for 1-4 Players, Ages 10+, 15-30 Minutes",19.95,USD,true
2026-09-11,B0FQFB8FMG,B0FQFB8FMG,I22142G5IOO2ZR,"Apple AirPods Pro 3 Wireless Earbuds with Active Noise Cancellation | Live Translation, Heart Rate Sensing, Hearing Aid Feature, Bluetooth Headphones, Spatial Audio, USB-C Charging",199.00,USD,true
2026-09-11,B0FQMJGS4T,B0FQMJGS4T,IV0UBMM295PGT,"Fellow Pirch Cappuccino Cups 6.5 oz, Set of 2, Weighted Glass - Amber | Handcrafted Espresso Cup Set for Latte Art & Espresso, Dishwasher and Microwave Safe, Curved Interior, Soda Lime Coffee Mugs",39.95,USD,true
2026-09-11,B0FT39RFJB,B0FT39RFJB,I3REJ2Z3EOJ3HD,"CoolGeek M1 Vertical CD Player for Wall & Desk, Transparent Industrial Art Decor, Hi-Fi Bluetooth Transmitter (Requires External Speaker), 8H Rechargeable Battery, Wire-Free Aesthetic",159.00,USD,true
2026-09-11,B0GTB3BMYQ,B0GTB3BMYQ,I1FL364PQOPWUS,"iRobot Roomba 105X Robot Vacuum & Mop Combo, AutoEmpty Dock, Self‑Emptying for Up to 75 Days, 70× Power‑Lifting Suction, Smart LiDAR Mapping, App & Voice Control, Ideal for Homes with Pets & Kids",307.50,USD,true
2026-09-11,B0H6B2D9G6,B0H6B2D9G6,I3CMIU8LX4AAL4,"8Bitdo FlipPad Mobile Gaming Controller for iPhone and Android, G Classic | Flip-Style, USB-C Plug and Play, Vertical Mobile Gaming, Pocket-Ready and Case-Friendly, Tactile D-pad and ABXY controls",29.99,USD,true
2026-09-12,0300270968,0300270968,I3MRWHZEMQ9570,King Dollar: The Past and Future of the World's Dominant Currency,16.15,USD,true
2026-09-12,B001RBTSMM,B001RBTSMM,I3FCZD72VB4QBT,"HARIO V60 Plastic Coffee Dripper, Size 02, Clear | Plastic",12.34,USD,true
2026-09-12,B00NX627HW,B00NX627HW,I39GQ1MYSMXZUB,"Carcassonne Tile Placement Strategy Board Game, 2-5 Players, 35 Min | For tile fans, build a medieval landscape, Meeple placement adds strategy each turn, Randomized tiles keep games different",32.88,USD,true
2026-09-12,B076QDH9MY,B076QDH9MY,IE2DRY6MIIVNN,Z-MAN Evergreen Jack Hammer Chatterbait 3/8 Oz,20.99,USD,true
2026-09-12,B079ZPLL97,B079ZPLL97,ISYIWW6FMCFC7,"ONO Roller - Handheld Fidget Toy for Adults | Help Relieve Stress, Anxiety, Tension | Promotes Focus, Clarity | Compact, Portable Design (Black, Full Size - Aluminum)",40.00,USD,true
2026-09-12,B07BL7JXHV,B07BL7JXHV,I10ABVCUFJXPGO,"Travelpro Maxlite 5 Softside Carry-On Luggage Spinner, Black, 21-Inch | Expandable With 4 Wheels, Lightweight & Versatile Travel Design, Men & Women",160.00,USD,true
2026-09-12,B07GNDDNMW,B07GNDDNMW,I3NSX8I0OF132Q,"SIHOO M18 Ergonomic Office Chair, Mesh Back Desk Chair with Headrest | Adjustable Lumbar Support, Hold 330lbs Computer Chair with 2D Armrests & Wide Cushion, Tilt Lock, for Home Office - Black",146.99,USD,true
2026-09-12,B07WCR5Y4B,B07WCR5Y4B,I36EXJIRO7KRZP,TempPro TempAir Digital Hygrometer Indoor Thermometer | Humidity Meter Room Thermometer with Temperature and Humidity Monitor Mini Hygrometer,8.99,USD,true
2026-09-12,B08F65MX4L,B08F65MX4L,IRYBV735I6FQY,"Asmodee 7 Wonders Board Game (New Edition) - Lead Your Civilization to Prosperity, Strategy Game for Kids and Adults, Ages 10+, 3-7 Players, 30 Minute Playtime",54.99,USD,true
2026-09-12,B08HLVDCZW,B08HLVDCZW,I2HHXMWKNI7UL1,"Piscifun Speed X Fishing Line Spool No Twist Adjustable Handle for Reels | Aluminium handle, Fits spinning/bait/spincast reels, Prevents line twists, Smooth unwinding for easy spooling",25.64,USD,true
2026-09-12,B093H8RGXX,B093H8RGXX,I1TLY12MG73F4K,"Cascadia, Award-Winning Cozy Nature Board Game Set in the Pacific Northwest | 1-4 Players, Ages 10+, 30-45 Mins, Relaxing Tile-Laying, Build Habitats, Place Wildlife & Create Wildlife Corridors",37.64,USD,true
2026-09-12,B095QX1FSR,B095QX1FSR,I1BNX13CZDTLV3,"Garmin Approach R10, Portable Golf Launch Monitor, Take Your Game Home, Indoors or to The Driving Range, Up to 10 Hours Battery Life - 010-02356-00",485.53,USD,true
2026-09-12,B09BTLP4P1,B09BTLP4P1,I3496FGAMW5MFT,"Normcore 58.5mm Coffee Tamper V4 - Spring-Loaded Tamper with 15lb / 25lb / 30lbs Replacement Springs - Anodized Aluminum Handle and Stand - Stainless Steel Flat Base,Black",42.99,USD,true
2026-09-12,B09DDC7KMQ,B09DDC7KMQ,I225W0IRZJL69Z,Normcore 58.5mm Puck Screen - Lower Shower Screen - Metal Coffee Reusable Filter for Espresso Portafilter Filter Basket 58mm - 1.7mm Thickness 150μm - 316 Stainless Steel,13.99,USD,true
2026-09-12,B09GKTHBPH,B09GKTHBPH,I3H126LX6CX1OU,"Sorbus Soda Can Organizer for Fridge & Freezer, Stackable with Lid (2 Pack) | Clear dispenser holds 12 cans for refrigerator and pantry organization; secure lids and BPA-free construction.",29.99,USD,true
2026-09-12,B0BCHFHX6V,B0BCHFHX6V,IUQMUY60RAWMZ,Kinesis Advantage360 Split Ergonomic Keyboard - USB-C | Mechanical Switches | Fully Programmable | Contoured Shape | Adjustable Tenting | PBT Keycaps,479.00,,true
2026-09-12,B0BCHFSRN2,B0BCHFSRN2,IZBMRKWY7R120,Advantage360 Palm Pads - Magnetic | Cushioned Foam | Washable,25.99,USD,true
2026-09-12,B0BCHHCZ2J,B0BCHHCZ2J,I2XGMXYMDOHHFW,Advantage360 Blank Keycap Set - PBT Plastic | 76 Key Set | Logo Keycap Puller,50.00,USD,true
2026-09-12,B0BF7DXLBF,B0BF7DXLBF,IU77YZXOZZXDF,"Fellow Stagg EKG Pro Gooseneck Electric Kettle, Brew Timer, 0.9 Liter | Temperature Control, Color LCD, Temp Hold, Stainless Steel Tea Kettle, for Pour-Over Coffee & Tea, Quick Heating, Matte Black",179.95,USD,true
2026-09-12,B0CF9THQDK,B0CF9THQDK,I36P0F0DU9IBU1,"Blue Tees Golf Player+ AI-Powered GPS Speaker - Touchscreen Display, 10+ Hour Battery, 40,000+ Courses, Visual & Audible Distances, Hazard Detection, IPX7 Waterproof (Black)",169.98,USD,true
2026-09-12,B0CNSMHQ3J,B0CNSMHQ3J,I17R9K20M03SXX,LACZ DENTON Pagani Design DD40 PD1783 Men's Watches Luxury Automatic Watch Men AR Sapphire Glass Mechanical Wristwatch Men 10Bar Japan Movement,144.99,USD,true
2026-09-12,B0CP5RMFN7,B0CP5RMFN7,IRPDG2XCLM0NE,"RollsTimi Pagani Design DD40 PD1783 Watches for Men, Japanese Automatic Movement, Day/Date Calendar, Stainless Steel Bracelet, Sapphire Crystal, Luxury Men's Automatic Watch.",144.99,USD,true
2026-09-12,B0CXDTP94L,B0CXDTP94L,I1H5MQZOP9CES3,"68oz 304 Stainless Steel Deep Fryer Pot with Basket & Strainer, Large Capacity Bacon Grease Container for Kitchen,Frying, Cooking, Camping,Oil Filter Container - Dishwasher Safe (68oz/2L/2.1Qt)",23.99,USD,true
2026-09-12,B0D1KB96ZP,B0D1KB96ZP,I39XRT1FQJCAGO,Pagani Design GMT Automatic Mechanical Men's Watch Rotating Ceramic Bezel Stainless Steel Watch with Date Function Men's Sport Watch,150.00,USD,true
2026-09-12,B0D22JRHZB,B0D22JRHZB,ITKJWU73M7L42,"UGREEN DXP4800 Plus 4-Bay NAS for Families, Creators & Small Teams | 4K Home Media, File Server & Hardware Transcoding, Intel 8505, 8GB DDR5, 10GbE&2.5GbE, Built-in 128G SSD, 2xM.2 NVMe,Diskless",619.99,USD,true
2026-09-12,B0DPR9LBJC,B0DPR9LBJC,I3MW6G9YTMMTX8,Votivo White Tea & Bergamot 10 oz Signature Candle | Soy Wax Blend | Luxury Glass Jar & Box | Home Decor |Gifts | Highly Scented,44.00,USD,true
2026-09-12,B0DVZBR9TJ,B0DVZBR9TJ,I1Q4XIXONYIP0F,"BuzzTV P6 PowerStation Media Hub with 16GB DDR4 RAM, Expandable NVMe Storage, Android 13, Dual Quad-Core Processors, Wireless AX and BT-500 Smart Remote",,,false
2026-09-12,B0DWT9J5L3,B0DWT9J5L3,IU0Z3O3TRLWKG,"Toy Battle Board Game | Tactical Tile Placement and Troop Strategy Game with 8 Unique Terrains, Fun for Kids & Adults, Ages 8+, 2 Players, 15 Mins",26.99,USD,true
2026-09-12,B0F9BX1TJX,B0F9BX1TJX,ITM53JLN4RDG5,"EDJY Fingernail Cutter Nail Cutter Stainless Steel Black | Sharp single-blade design delivers clean, precise cuts. Ergonomic stainless steel resists rust for lasting durability.",18.00,USD,true
2026-09-12,B0FDZHJCS2,B0FDZHJCS2,IG0ZA3XP2DQ6T,"Thunderworks Games: FlipToons | an Animated Deck-Building Card Game! | Easy to Learn Board Game with Classic Cartoon Style | Portable Small Box Family Game for 1-4 Players, Ages 10+, 15-30 Minutes",19.95,USD,true
2026-09-12,B0FQFB8FMG,B0FQFB8FMG,I22142G5IOO2ZR,"Apple AirPods Pro 3 Wireless Earbuds with Active Noise Cancellation | Live Translation, Heart Rate Sensing, Hearing Aid Feature, Bluetooth Headphones, Spatial Audio, USB-C Charging",199.00,USD,true
2026-09-12,B0FQMJGS4T,B0FQMJGS4T,IV0UBMM295PGT,"Fellow Pirch Cappuccino Cups 6.5 oz, Set of 2, Weighted Glass - Amber | Handcrafted Espresso Cup Set for Latte Art & Espresso, Dishwasher and Microwave Safe, Curved Interior, Soda Lime Coffee Mugs",39.95,USD,true
2026-09-12,B0FT39RFJB,B0FT39RFJB,I3REJ2Z3EOJ3HD,"CoolGeek M1 Vertical CD Player for Wall & Desk, Transparent Industrial Art Decor, Hi-Fi Bluetooth Transmitter (Requires External Speaker), 8H Rechargeable Battery, Wire-Free Aesthetic",159.00,USD,true
2026-09-12,B0GTB3BMYQ,B0GTB3BMYQ,I1FL364PQOPWUS,"iRobot Roomba 105X Robot Vacuum & Mop Combo, AutoEmpty Dock, Self‑Emptying for Up to 75 Days, 70× Power‑Lifting Suction, Smart LiDAR Mapping, App & Voice Control, Ideal for Homes with Pets & Kids",276.91,USD,true
2026-09-12,B0GTZC19FX,B0GTZC19FX,I1LMPCI7NGUJAM,"UGREEN NAS DXP4800 GT 4-Bay for Creators, Tech Enthusiasts and Office Teams | Smart Home Data Hub, Direct NAS Editing & Dual 10GbE Transfers, Ryzen R2514, 8GB DDR4, 2x 10GbE, 2x M.2 NVMe Slots, Diskless",659.99,USD,true
2026-09-12,B0H6B2D9G6,B0H6B2D9G6,I3CMIU8LX4AAL4,"8Bitdo FlipPad Mobile Gaming Controller for iPhone and Android, G Classic | Flip-Style, USB-C Plug and Play, Vertical Mobile Gaming, Pocket-Ready and Case-Friendly, Tactile D-pad and ABXY controls",29.99,USD,true
2026-09-13,0300270968,0300270968,I3MRWHZEMQ9570,King Dollar: The Past and Future of the World's Dominant Currency,16.15,USD,true
2026-09-13,B001RBTSMM,B001RBTSMM,I3FCZD72VB4QBT,"HARIO V60 Plastic Coffee Dripper, Size 02, Clear | Plastic",12.34,USD,true
2026-09-13,B00NX627HW,B00NX627HW,I39GQ1MYSMXZUB,"Carcassonne Tile Placement Strategy Board Game, 2-5 Players, 35 Min | For tile fans, build a medieval landscape, Meeple placement adds strategy each turn, Randomized tiles keep games different",32.88,USD,true
2026-09-13,B076QDH9MY,B076QDH9MY,IE2DRY6MIIVNN,Z-MAN Evergreen Jack Hammer Chatterbait 3/8 Oz,22.24,USD,true
2026-09-13,B079ZPLL97,B079ZPLL97,ISYIWW6FMCFC7,"ONO Roller - Handheld Fidget Toy for Adults | Help Relieve Stress, Anxiety, Tension | Promotes Focus, Clarity | Compact, Portable Design (Black, Full Size - Aluminum)",40.00,USD,true
2026-09-13,B07BL7JXHV,B07BL7JXHV,I10ABVCUFJXPGO,"Travelpro Maxlite 5 Softside Carry-On Luggage Spinner, Black, 21-Inch | Expandable With 4 Wheels, Lightweight & Versatile Travel Design, Men & Women",160.00,USD,true
2026-09-13,B07GNDDNMW,B07GNDDNMW,I3NSX8I0OF132Q,"SIHOO M18 Ergonomic Office Chair, Mesh Back Desk Chair with Headrest | Adjustable Lumbar Support, Hold 330lbs Computer Chair with 2D Armrests & Wide Cushion, Tilt Lock, for Home Office - Black",146.99,USD,true
2026-09-13,B07WCR5Y4B,B07WCR5Y4B,I36EXJIRO7KRZP,TempPro TempAir Digital Hygrometer Indoor Thermometer | Humidity Meter Room Thermometer with Temperature and Humidity Monitor Mini Hygrometer,8.99,USD,true
2026-09-13,B08F65MX4L,B08F65MX4L,IRYBV735I6FQY,"Asmodee 7 Wonders Board Game (New Edition) - Lead Your Civilization to Prosperity, Strategy Game for Kids and Adults, Ages 10+, 3-7 Players, 30 Minute Playtime",54.99,USD,true
2026-09-13,B08HLVDCZW,B08HLVDCZW,I2HHXMWKNI7UL1,"Piscifun Speed X Fishing Line Spool No Twist Adjustable Handle for Reels | Aluminium handle, Fits spinning/bait/spincast reels, Prevents line twists, Smooth unwinding for easy spooling",25.64,USD,true
2026-09-13,B093H8RGXX,B093H8RGXX,I1TLY12MG73F4K,"Cascadia, Award-Winning Cozy Nature Board Game Set in the Pacific Northwest | 1-4 Players, Ages 10+, 30-45 Mins, Relaxing Tile-Laying, Build Habitats, Place Wildlife & Create Wildlife Corridors",37.46,USD,true
2026-09-13,B095QX1FSR,B095QX1FSR,I1BNX13CZDTLV3,"Garmin Approach R10, Portable Golf Launch Monitor, Take Your Game Home, Indoors or to The Driving Range, Up to 10 Hours Battery Life - 010-02356-00",485.53,USD,true
2026-09-13,B09BTLP4P1,B09BTLP4P1,I3496FGAMW5MFT,"Normcore 58.5mm Coffee Tamper V4 - Spring-Loaded Tamper with 15lb / 25lb / 30lbs Replacement Springs - Anodized Aluminum Handle and Stand - Stainless Steel Flat Base,Black",43.99,USD,true
2026-09-13,B09DDC7KMQ,B09DDC7KMQ,I225W0IRZJL69Z,Normcore 58.5mm Puck Screen - Lower Shower Screen - Metal Coffee Reusable Filter for Espresso Portafilter Filter Basket 58mm - 1.7mm Thickness 150μm - 316 Stainless Steel,13.99,USD,true
2026-09-13,B09GKTHBPH,B09GKTHBPH,I3H126LX6CX1OU,"Sorbus Soda Can Organizer for Fridge & Freezer, Stackable with Lid (2 Pack) | Clear dispenser holds 12 cans for refrigerator and pantry organization; secure lids and BPA-free construction.",29.99,USD,true
2026-09-13,B0BCHFHX6V,B0BCHFHX6V,IUQMUY60RAWMZ,Kinesis Advantage360 Split Ergonomic Keyboard - USB-C | Mechanical Switches | Fully Programmable | Contoured Shape | Adjustable Tenting | PBT Keycaps,479.00,,true
2026-09-13,B0BCHFSRN2,B0BCHFSRN2,IZBMRKWY7R120,Advantage360 Palm Pads - Magnetic | Cushioned Foam | Washable,25.99,USD,true
2026-09-13,B0BCHHCZ2J,B0BCHHCZ2J,I2XGMXYMDOHHFW,Advantage360 Blank Keycap Set - PBT Plastic | 76 Key Set | Logo Keycap Puller,50.00,USD,true
2026-09-13,B0BF7DXLBF,B0BF7DXLBF,IU77YZXOZZXDF,"Fellow Stagg EKG Pro Gooseneck Electric Kettle, Brew Timer, 0.9 Liter | Temperature Control, Color LCD, Temp Hold, Stainless Steel Tea Kettle, for Pour-Over Coffee & Tea, Quick Heating, Matte Black",179.95,USD,true
2026-09-13,B0CF9THQDK,B0CF9THQDK,I36P0F0DU9IBU1,"Blue Tees Golf Player+ AI-Powered GPS Speaker - Touchscreen Display, 10+ Hour Battery, 40,000+ Courses, Visual & Audible Distances, Hazard Detection, IPX7 Waterproof (Black)",169.98,USD,true
2026-09-13,B0CNSMHQ3J,B0CNSMHQ3J,I17R9K20M03SXX,LACZ DENTON Pagani Design DD40 PD1783 Men's Watches Luxury Automatic Watch Men AR Sapphire Glass Mechanical Wristwatch Men 10Bar Japan Movement,144.99,USD,true
2026-09-13,B0CP5RMFN7,B0CP5RMFN7,IRPDG2XCLM0NE,"RollsTimi Pagani Design DD40 PD1783 Watches for Men, Japanese Automatic Movement, Day/Date Calendar, Stainless Steel Bracelet, Sapphire Crystal, Luxury Men's Automatic Watch.",144.99,USD,true
2026-09-13,B0CXDTP94L,B0CXDTP94L,I1H5MQZOP9CES3,"68oz 304 Stainless Steel Deep Fryer Pot with Basket & Strainer, Large Capacity Bacon Grease Container for Kitchen,Frying, Cooking, Camping,Oil Filter Container - Dishwasher Safe (68oz/2L/2.1Qt)",23.99,USD,true
2026-09-13,B0D1KB96ZP,B0D1KB96ZP,I39XRT1FQJCAGO,Pagani Design GMT Automatic Mechanical Men's Watch Rotating Ceramic Bezel Stainless Steel Watch with Date Function Men's Sport Watch,150.00,USD,true
2026-09-13,B0D22JRHZB,B0D22JRHZB,ITKJWU73M7L42,"UGREEN DXP4800 Plus 4-Bay NAS for Families, Creators & Small Teams | 4K Home Media, File Server & Hardware Transcoding, Intel 8505, 8GB DDR5, 10GbE&2.5GbE, Built-in 128G SSD, 2xM.2 NVMe,Diskless",619.99,USD,true
2026-09-13,B0DPR9LBJC,B0DPR9LBJC,I3MW6G9YTMMTX8,Votivo White Tea & Bergamot 10 oz Signature Candle | Soy Wax Blend | Luxury Glass Jar & Box | Home Decor |Gifts | Highly Scented,44.00,USD,true
2026-09-13,B0DVZBR9TJ,B0DVZBR9TJ,I1Q4XIXONYIP0F,"BuzzTV P6 PowerStation Media Hub with 16GB DDR4 RAM, Expandable NVMe Storage, Android 13, Dual Quad-Core Processors, Wireless AX and BT-500 Smart Remote",,,false
2026-09-13,B0DWT9J5L3,B0DWT9J5L3,IU0Z3O3TRLWKG,"Toy Battle Board Game | Tactical Tile Placement and Troop Strategy Game with 8 Unique Terrains, Fun for Kids & Adults, Ages 8+, 2 Players, 15 Mins",26.99,USD,true
2026-09-13,B0F9BX1TJX,B0F9BX1TJX,ITM53JLN4RDG5,"EDJY Fingernail Cutter Nail Cutter Stainless Steel Black | Sharp single-blade design delivers clean, precise cuts. Ergonomic stainless steel resists rust for lasting durability.",18.00,USD,true
2026-09-13,B0FDZHJCS2,B0FDZHJCS2,IG0ZA3XP2DQ6T,"Thunderworks Games: FlipToons | an Animated Deck-Building Card Game! | Easy to Learn Board Game with Classic Cartoon Style | Portable Small Box Family Game for 1-4 Players, Ages 10+, 15-30 Minutes",19.95,USD,true
2026-09-13,B0FQFB8FMG,B0FQFB8FMG,I22142G5IOO2ZR,"Apple AirPods Pro 3 Wireless Earbuds with Active Noise Cancellation | Live Translation, Heart Rate Sensing, Hearing Aid Feature, Bluetooth Headphones, Spatial Audio, USB-C Charging",199.00,USD,true
2026-09-13,B0FQMJGS4T,B0FQMJGS4T,IV0UBMM295PGT,"Fellow Pirch Cappuccino Cups 6.5 oz, Set of 2, Weighted Glass - Amber | Handcrafted Espresso Cup Set for Latte Art & Espresso, Dishwasher and Microwave Safe, Curved Interior, Soda Lime Coffee Mugs",39.95,USD,true
2026-09-13,B0FT39RFJB,B0FT39RFJB,I3REJ2Z3EOJ3HD,"CoolGeek M1 Vertical CD Player for Wall & Desk, Transparent Industrial Art Decor, Hi-Fi Bluetooth Transmitter (Requires External Speaker), 8H Rechargeable Battery, Wire-Free Aesthetic",159.00,USD,true
2026-09-13,B0GTB3BMYQ,B0GTB3BMYQ,I1FL364PQOPWUS,"iRobot Roomba 105X Robot Vacuum & Mop Combo, AutoEmpty Dock, Self‑Emptying for Up to 75 Days, 70× Power‑Lifting Suction, Smart LiDAR Mapping, App & Voice Control, Ideal for Homes with Pets & Kids",276.91,USD,true
2026-09-13,B0GTZC19FX,B0GTZC19FX,I1LMPCI7NGUJAM,"UGREEN NAS DXP4800 GT 4-Bay for Creators, Tech Enthusiasts and Office Teams | Smart Home Data Hub, Direct NAS Editing & Dual 10GbE Transfers, Ryzen R2514, 8GB DDR4, 2x 10GbE, 2x M.2 NVMe Slots, Diskless",659.99,USD,true
2026-09-13,B0H6B2D9G6,B0H6B2D9G6,I3CMIU8LX4AAL4,"8Bitdo FlipPad Mobile Gaming Controller for iPhone and Android, G Classic | Flip-Style, USB-C Plug and Play, Vertical Mobile Gaming, Pocket-Ready and Case-Friendly, Tactile D-pad and ABXY controls",29.99,USD,true
2026-09-15,0300270968,0300270968,I3MRWHZEMQ9570,King Dollar: The Past and Future of the World's Dominant Currency,16.15,USD,true
2026-09-15,B001RBTSMM,B001RBTSMM,I3FCZD72VB4QBT,"HARIO V60 Plastic Coffee Dripper, Size 02, Clear | Plastic",12.65,USD,true
2026-09-15,B00NX627HW,B00NX627HW,I39GQ1MYSMXZUB,"Carcassonne Tile Placement Strategy Board Game, 2-5 Players, 35 Min | For tile fans, build a medieval landscape, Meeple placement adds strategy each turn, Randomized tiles keep games different",32.88,USD,true
2026-09-15,B076QDH9MY,B076QDH9MY,IE2DRY6MIIVNN,Z-MAN Evergreen Jack Hammer Chatterbait 3/8 Oz,20.99,USD,true
2026-09-15,B079ZPLL97,B079ZPLL97,ISYIWW6FMCFC7,"ONO Roller - Handheld Fidget Toy for Adults | Help Relieve Stress, Anxiety, Tension | Promotes Focus, Clarity | Compact, Portable Design (Black, Full Size - Aluminum)",40.00,USD,true
2026-09-15,B07BL7JXHV,B07BL7JXHV,I10ABVCUFJXPGO,"Travelpro Maxlite 5 Softside Carry-On Luggage Spinner, Black, 21-Inch | Expandable With 4 Wheels, Lightweight & Versatile Travel Design, Men & Women",160.00,USD,true
2026-09-15,B07GNDDNMW,B07GNDDNMW,I3NSX8I0OF132Q,"SIHOO M18 Ergonomic Office Chair, Mesh Back Desk Chair with Headrest | Adjustable Lumbar Support, Hold 330lbs Computer Chair with 2D Armrests & Wide Cushion, Tilt Lock, for Home Office - Black",146.99,USD,true
2026-09-15,B07WCR5Y4B,B07WCR5Y4B,I36EXJIRO7KRZP,TempPro TempAir Digital Hygrometer Indoor Thermometer | Humidity Meter Room Thermometer with Temperature and Humidity Monitor Mini Hygrometer,8.99,USD,true
2026-09-15,B08F65MX4L,B08F65MX4L,IRYBV735I6FQY,"Asmodee 7 Wonders Board Game (New Edition) - Lead Your Civilization to Prosperity, Strategy Game for Kids and Adults, Ages 10+, 3-7 Players, 30 Minute Playtime",54.99,USD,true
2026-09-15,B08HLVDCZW,B08HLVDCZW,I2HHXMWKNI7UL1,"Piscifun Speed X Fishing Line Spool No Twist Adjustable Handle for Reels | Aluminium handle, Fits spinning/bait/spincast reels, Prevents line twists, Smooth unwinding for easy spooling",29.99,USD,true
2026-09-15,B093H8RGXX,B093H8RGXX,I1TLY12MG73F4K,"Cascadia, Award-Winning Cozy Nature Board Game Set in the Pacific Northwest | 1-4 Players, Ages 10+, 30-45 Mins, Relaxing Tile-Laying, Build Habitats, Place Wildlife & Create Wildlife Corridors",37.50,USD,true
2026-09-15,B095QX1FSR,B095QX1FSR,I1BNX13CZDTLV3,"Garmin Approach R10, Portable Golf Launch Monitor, Take Your Game Home, Indoors or to The Driving Range, Up to 10 Hours Battery Life - 010-02356-00",489.50,USD,true
2026-09-15,B09BTLP4P1,B09BTLP4P1,I3496FGAMW5MFT,"Normcore 58.5mm Coffee Tamper V4 - Spring-Loaded Tamper with 15lb / 25lb / 30lbs Replacement Springs - Anodized Aluminum Handle and Stand - Stainless Steel Flat Base,Black",42.99,USD,true
2026-09-15,B09DDC7KMQ,B09DDC7KMQ,I225W0IRZJL69Z,Normcore 58.5mm Puck Screen - Lower Shower Screen - Metal Coffee Reusable Filter for Espresso Portafilter Filter Basket 58mm - 1.7mm Thickness 150μm - 316 Stainless Steel,13.99,USD,true
2026-09-15,B09GKTHBPH,B09GKTHBPH,I3H126LX6CX1OU,"Sorbus Soda Can Organizer for Fridge & Freezer, Stackable with Lid (2 Pack) | Clear dispenser holds 12 cans for refrigerator and pantry organization; secure lids and BPA-free construction.",24.99,USD,true
2026-09-15,B0BCHFHX6V,B0BCHFHX6V,IUQMUY60RAWMZ,Kinesis Advantage360 Split Ergonomic Keyboard - USB-C | Mechanical Switches | Fully Programmable | Contoured Shape | Adjustable Tenting | PBT Keycaps,479.00,,true
2026-09-15,B0BCHFSRN2,B0BCHFSRN2,IZBMRKWY7R120,Advantage360 Palm Pads - Magnetic | Cushioned Foam | Washable,25.99,USD,true
2026-09-15,B0BCHHCZ2J,B0BCHHCZ2J,I2XGMXYMDOHHFW,Advantage360 Blank Keycap Set - PBT Plastic | 76 Key Set | Logo Keycap Puller,50.00,USD,true
2026-09-15,B0BF7DXLBF,B0BF7DXLBF,IU77YZXOZZXDF,"Fellow Stagg EKG Pro Gooseneck Electric Kettle, Brew Timer, 0.9 Liter | Temperature Control, Color LCD, Temp Hold, Stainless Steel Tea Kettle, for Pour-Over Coffee & Tea, Quick Heating, Matte Black",179.95,USD,true
2026-09-15,B0CF9THQDK,B0CF9THQDK,I36P0F0DU9IBU1,"Blue Tees Golf Player+ AI-Powered GPS Speaker - Touchscreen Display, 10+ Hour Battery, 40,000+ Courses, Visual & Audible Distances, Hazard Detection, IPX7 Waterproof (Black)",,,false
2026-09-15,B0CNSMHQ3J,B0CNSMHQ3J,I17R9K20M03SXX,LACZ DENTON Pagani Design DD40 PD1783 Men's Watches Luxury Automatic Watch Men AR Sapphire Glass Mechanical Wristwatch Men 10Bar Japan Movement,144.99,USD,true
2026-09-15,B0CP5RMFN7,B0CP5RMFN7,IRPDG2XCLM0NE,"RollsTimi Pagani Design DD40 PD1783 Watches for Men, Japanese Automatic Movement, Day/Date Calendar, Stainless Steel Bracelet, Sapphire Crystal, Luxury Men's Automatic Watch.",144.99,USD,true
2026-09-15,B0CXDTP94L,B0CXDTP94L,I1H5MQZOP9CES3,"68oz 304 Stainless Steel Deep Fryer Pot with Basket & Strainer, Large Capacity Bacon Grease Container for Kitchen,Frying, Cooking, Camping,Oil Filter Container - Dishwasher Safe (68oz/2L/2.1Qt)",23.99,USD,true
2026-09-15,B0D1KB96ZP,B0D1KB96ZP,I39XRT1FQJCAGO,Pagani Design GMT Automatic Mechanical Men's Watch Rotating Ceramic Bezel Stainless Steel Watch with Date Function Men's Sport Watch,150.00,USD,true
2026-09-15,B0D22JRHZB,B0D22JRHZB,ITKJWU73M7L42,"UGREEN DXP4800 Plus 4-Bay NAS for Families, Creators & Small Teams | 4K Home Media, File Server & Hardware Transcoding, Intel 8505, 8GB DDR5, 10GbE&2.5GbE, Built-in 128G SSD, 2xM.2 NVMe,Diskless",619.99,USD,true
2026-09-15,B0DPR9LBJC,B0DPR9LBJC,I3MW6G9YTMMTX8,Votivo White Tea & Bergamot 10 oz Signature Candle | Soy Wax Blend | Luxury Glass Jar & Box | Home Decor |Gifts | Highly Scented,,,false
2026-09-15,B0DVZBR9TJ,B0DVZBR9TJ,I1Q4XIXONYIP0F,"BuzzTV P6 PowerStation Media Hub with 16GB DDR4 RAM, Expandable NVMe Storage, Android 13, Dual Quad-Core Processors, Wireless AX and BT-500 Smart Remote",,,false
2026-09-15,B0DWT9J5L3,B0DWT9J5L3,IU0Z3O3TRLWKG,"Toy Battle Board Game | Tactical Tile Placement and Troop Strategy Game with 8 Unique Terrains, Fun for Kids & Adults, Ages 8+, 2 Players, 15 Mins",26.99,USD,true
2026-09-15,B0F9BX1TJX,B0F9BX1TJX,ITM53JLN4RDG5,"EDJY Fingernail Cutter Nail Cutter Stainless Steel Black | Sharp single-blade design delivers clean, precise cuts. Ergonomic stainless steel resists rust for lasting durability.",18.00,USD,true
2026-09-15,B0FD3PQXNL,B0FD3PQXNL,I2VQL4YKC5B5FK,"U-QE 50Pcs Blue Plastic Plates - Botanical Stripes Plates Disposable | Heavy Duty, Fancy Floral Pattern Perfect for Weddings, Tea Parties, Holidays, 10.25"" Dinner & 7.5"" Dessert Plastic Plates",36.99,USD,true
2026-09-15,B0FDZHJCS2,B0FDZHJCS2,IG0ZA3XP2DQ6T,"Thunderworks Games: FlipToons | an Animated Deck-Building Card Game! | Easy to Learn Board Game with Classic Cartoon Style | Portable Small Box Family Game for 1-4 Players, Ages 10+, 15-30 Minutes",19.95,USD,true
2026-09-15,B0FQFB8FMG,B0FQFB8FMG,I22142G5IOO2ZR,"Apple AirPods Pro 3 Wireless Earbuds with Active Noise Cancellation | Live Translation, Heart Rate Sensing, Hearing Aid Feature, Bluetooth Headphones, Spatial Audio, USB-C Charging",199.00,USD,true
2026-09-15,B0FQMJGS4T,B0FQMJGS4T,IV0UBMM295PGT,"Fellow Pirch Cappuccino Cups 6.5 oz, Set of 2, Weighted Glass - Amber | Handcrafted Espresso Cup Set for Latte Art & Espresso, Dishwasher and Microwave Safe, Curved Interior, Soda Lime Coffee Mugs",39.95,USD,true
2026-09-15,B0FT39RFJB,B0FT39RFJB,I3REJ2Z3EOJ3HD,"CoolGeek M1 Vertical CD Player for Wall & Desk, Transparent Industrial Art Decor, Hi-Fi Bluetooth Transmitter (Requires External Speaker), 8H Rechargeable Battery, Wire-Free Aesthetic",159.00,USD,true
2026-09-15,B0GTB3BMYQ,B0GTB3BMYQ,I1FL364PQOPWUS,"iRobot Roomba 105X Robot Vacuum & Mop Combo, AutoEmpty Dock, Self‑Emptying for Up to 75 Days, 70× Power‑Lifting Suction, Smart LiDAR Mapping, App & Voice Control, Ideal for Homes with Pets & Kids",315.06,USD,true
2026-09-15,B0GTZC19FX,B0GTZC19FX,I1LMPCI7NGUJAM,"UGREEN NAS DXP4800 GT 4-Bay for Creators, Tech Enthusiasts and Office Teams | Smart Home Data Hub, Direct NAS Editing & Dual 10GbE Transfers, Ryzen R2514, 8GB DDR4, 2x 10GbE, 2x M.2 NVMe Slots, Diskless",659.99,USD,true
2026-09-15,B0H6B2D9G6,B0H6B2D9G6,I3CMIU8LX4AAL4,"8Bitdo FlipPad Mobile Gaming Controller for iPhone and Android, G Classic | Flip-Style, USB-C Plug and Play, Vertical Mobile Gaming, Pocket-Ready and Case-Friendly, Tactile D-pad and ABXY controls",29.99,USD,true
2026-09-19,0300270968,0300270968,I3MRWHZEMQ9570,King Dollar: The Past and Future of the World's Dominant Currency,16.15,USD,true
2026-09-19,B001RBTSMM,B001RBTSMM,I3FCZD72VB4QBT,"HARIO V60 Plastic Coffee Dripper, Size 02, Clear | Plastic",12.25,USD,true
2026-09-19,B00NX627HW,B00NX627HW,I39GQ1MYSMXZUB,"Carcassonne Tile Placement Strategy Board Game, 2-5 Players, 35 Min | For tile fans, build a medieval landscape, Meeple placement adds strategy each turn, Randomized tiles keep games different",32.88,USD,true
2026-09-19,B076QDH9MY,B076QDH9MY,IE2DRY6MIIVNN,Z-MAN Evergreen Jack Hammer Chatterbait 3/8 Oz,21.62,USD,true
2026-09-19,B079ZPLL97,B079ZPLL97,ISYIWW6FMCFC7,"ONO Roller - Handheld Fidget Toy for Adults | Help Relieve Stress, Anxiety, Tension | Promotes Focus, Clarity | Compact, Portable Design (Black, Full Size - Aluminum)",40.00,USD,true
2026-09-19,B07BL7JXHV,B07BL7JXHV,I10ABVCUFJXPGO,"Travelpro Maxlite 5 Softside Carry-On Luggage Spinner, Black, 21-Inch | Expandable With 4 Wheels, Lightweight & Versatile Travel Design, Men & Women",160.00,USD,true
2026-09-19,B07GNDDNMW,B07GNDDNMW,I3NSX8I0OF132Q,"SIHOO M18 Ergonomic Office Chair, Mesh Back Desk Chair with Headrest | Adjustable Lumbar Support, Hold 330lbs Computer Chair with 2D Armrests & Wide Cushion, Tilt Lock, for Home Office - Black",169.99,USD,true
2026-09-19,B07WCR5Y4B,B07WCR5Y4B,I36EXJIRO7KRZP,TempPro TempAir Digital Hygrometer Indoor Thermometer | Humidity Meter Room Thermometer with Temperature and Humidity Monitor Mini Hygrometer,8.99,USD,true
2026-09-19,B08F65MX4L,B08F65MX4L,IRYBV735I6FQY,"Asmodee 7 Wonders Board Game (New Edition) - Lead Your Civilization to Prosperity, Strategy Game for Kids and Adults, Ages 10+, 3-7 Players, 30 Minute Playtime",49.33,USD,true
2026-09-19,B08HLVDCZW,B08HLVDCZW,I2HHXMWKNI7UL1,"Piscifun Speed X Fishing Line Spool No Twist Adjustable Handle for Reels | Aluminium handle, Fits spinning/bait/spincast reels, Prevents line twists, Smooth unwinding for easy spooling",29.99,USD,true
2026-09-19,B093H8RGXX,B093H8RGXX,I1TLY12MG73F4K,"Cascadia, Award-Winning Cozy Nature Board Game Set in the Pacific Northwest | 1-4 Players, Ages 10+, 30-45 Mins, Relaxing Tile-Laying, Build Habitats, Place Wildlife & Create Wildlife Corridors",37.45,USD,true
2026-09-19,B095QX1FSR,B095QX1FSR,I1BNX13CZDTLV3,"Garmin Approach R10, Portable Golf Launch Monitor, Take Your Game Home, Indoors or to The Driving Range, Up to 10 Hours Battery Life - 010-02356-00",480.00,USD,true
2026-09-19,B09BTLP4P1,B09BTLP4P1,I3496FGAMW5MFT,"Normcore 58.5mm Coffee Tamper V4 - Spring-Loaded Tamper with 15lb / 25lb / 30lbs Replacement Springs - Anodized Aluminum Handle and Stand - Stainless Steel Flat Base,Black",43.99,USD,true
2026-09-19,B09DDC7KMQ,B09DDC7KMQ,I225W0IRZJL69Z,Normcore 58.5mm Puck Screen - Lower Shower Screen - Metal Coffee Reusable Filter for Espresso Portafilter Filter Basket 58mm - 1.7mm Thickness 150μm - 316 Stainless Steel,13.99,USD,true
2026-09-19,B09GKTHBPH,B09GKTHBPH,I3H126LX6CX1OU,"Sorbus Soda Can Organizer for Fridge & Freezer, Stackable with Lid (2 Pack) | Clear dispenser holds 12 cans for refrigerator and pantry organization; secure lids and BPA-free construction.",24.99,USD,true
2026-09-19,B0BCHFHX6V,B0BCHFHX6V,IUQMUY60RAWMZ,Kinesis Advantage360 Split Ergonomic Keyboard - USB-C | Mechanical Switches | Fully Programmable | Contoured Shape | Adjustable Tenting | PBT Keycaps,479.00,,true
2026-09-19,B0BCHFSRN2,B0BCHFSRN2,IZBMRKWY7R120,Advantage360 Palm Pads - Magnetic | Cushioned Foam | Washable,25.99,USD,true
2026-09-19,B0BCHHCZ2J,B0BCHHCZ2J,I2XGMXYMDOHHFW,Advantage360 Blank Keycap Set - PBT Plastic | 76 Key Set | Logo Keycap Puller,50.00,USD,true
2026-09-19,B0BF7DXLBF,B0BF7DXLBF,IU77YZXOZZXDF,"Fellow Stagg EKG Pro Gooseneck Electric Kettle, Brew Timer, 0.9 Liter | Temperature Control, Color LCD, Temp Hold, Stainless Steel Tea Kettle, for Pour-Over Coffee & Tea, Quick Heating, Matte Black",179.95,USD,true
2026-09-19,B0CF9THQDK,B0CF9THQDK,I36P0F0DU9IBU1,"Blue Tees Golf Player+ AI-Powered GPS Speaker - Touchscreen Display, 10+ Hour Battery, 40,000+ Courses, Visual & Audible Distances, Hazard Detection, IPX7 Waterproof (Black)",,,false
2026-09-19,B0CNSMHQ3J,B0CNSMHQ3J,I17R9K20M03SXX,LACZ DENTON Pagani Design DD40 PD1783 Men's Watches Luxury Automatic Watch Men AR Sapphire Glass Mechanical Wristwatch Men 10Bar Japan Movement,144.99,USD,true
2026-09-19,B0CP5RMFN7,B0CP5RMFN7,IRPDG2XCLM0NE,"RollsTimi Pagani Design DD40 PD1783 Watches for Men, Japanese Automatic Movement, Day/Date Calendar, Stainless Steel Bracelet, Sapphire Crystal, Luxury Men's Automatic Watch.",144.99,USD,true
2026-09-19,B0CXDTP94L,B0CXDTP94L,I1H5MQZOP9CES3,"68oz 304 Stainless Steel Deep Fryer Pot with Basket & Strainer, Large Capacity Bacon Grease Container for Kitchen,Frying, Cooking, Camping,Oil Filter Container - Dishwasher Safe (68oz/2L/2.1Qt)",23.99,USD,true
2026-09-19,B0D1KB96ZP,B0D1KB96ZP,I39XRT1FQJCAGO,Pagani Design GMT Automatic Mechanical Men's Watch Rotating Ceramic Bezel Stainless Steel Watch with Date Function Men's Sport Watch,155.00,USD,true
2026-09-19,B0D22JRHZB,B0D22JRHZB,ITKJWU73M7L42,"UGREEN DXP4800 Plus 4-Bay NAS for Families, Creators & Small Teams | 4K Home Media, File Server & Hardware Transcoding, Intel 8505, 8GB DDR5, 10GbE&2.5GbE, Built-in 128G SSD, 2xM.2 NVMe,Diskless",619.99,USD,true
2026-09-19,B0DPR9LBJC,B0DPR9LBJC,I3MW6G9YTMMTX8,Votivo White Tea & Bergamot 10 oz Signature Candle | Soy Wax Blend | Luxury Glass Jar & Box | Home Decor |Gifts | Highly Scented,44.00,USD,true
2026-09-19,B0DVZBR9TJ,B0DVZBR9TJ,I1Q4XIXONYIP0F,"BuzzTV P6 PowerStation Media Hub with 16GB DDR4 RAM, Expandable NVMe Storage, Android 13, Dual Quad-Core Processors, Wireless AX and BT-500 Smart Remote",,,false
2026-09-19,B0DWT9J5L3,B0DWT9J5L3,IU0Z3O3TRLWKG,"Toy Battle Board Game | Tactical Tile Placement and Troop Strategy Game with 8 Unique Terrains, Fun for Kids & Adults, Ages 8+, 2 Players, 15 Mins",26.99,USD,true
2026-09-19,B0F9BX1TJX,B0F9BX1TJX,ITM53JLN4RDG5,"EDJY Fingernail Cutter Nail Cutter Stainless Steel Black | Sharp single-blade design delivers clean, precise cuts. Ergonomic stainless steel resists rust for lasting durability.",18.00,USD,true
2026-09-19,B0FD3PQXNL,B0FD3PQXNL,I2VQL4YKC5B5FK,"U-QE 50Pcs Blue Plastic Plates - Botanical Stripes Plates Disposable | Heavy Duty, Fancy Floral Pattern Perfect for Weddings, Tea Parties, Holidays, 10.25"" Dinner & 7.5"" Dessert Plastic Plates",36.99,USD,true
2026-09-19,B0FDZHJCS2,B0FDZHJCS2,IG0ZA3XP2DQ6T,"Thunderworks Games: FlipToons | an Animated Deck-Building Card Game! | Easy to Learn Board Game with Classic Cartoon Style | Portable Small Box Family Game for 1-4 Players, Ages 10+, 15-30 Minutes",19.95,USD,true
2026-09-19,B0FQFB8FMG,B0FQFB8FMG,I22142G5IOO2ZR,"Apple AirPods Pro 3 Wireless Earbuds with Active Noise Cancellation | Live Translation, Heart Rate Sensing, Hearing Aid Feature, Bluetooth Headphones, Spatial Audio, USB-C Charging",199.00,USD,true
2026-09-19,B0FQMJGS4T,B0FQMJGS4T,IV0UBMM295PGT,"Fellow Pirch Cappuccino Cups 6.5 oz, Set of 2, Weighted Glass - Amber | Handcrafted Espresso Cup Set for Latte Art & Espresso, Dishwasher and Microwave Safe, Curved Interior, Soda Lime Coffee Mugs",39.95,USD,true
2026-09-19,B0FT39RFJB,B0FT39RFJB,I3REJ2Z3EOJ3HD,"CoolGeek M1 Vertical CD Player for Wall & Desk, Transparent Industrial Art Decor, Hi-Fi Bluetooth Transmitter (Requires External Speaker), 8H Rechargeable Battery, Wire-Free Aesthetic",159.00,USD,true
2026-09-19,B0GTB3BMYQ,B0GTB3BMYQ,I1FL364PQOPWUS,"iRobot Roomba 105X Robot Vacuum & Mop Combo, AutoEmpty Dock, Self‑Emptying for Up to 75 Days, 70× Power‑Lifting Suction, Smart LiDAR Mapping, App & Voice Control, Ideal for Homes with Pets & Kids",276.91,USD,true
2026-09-19,B0GTZC19FX,B0GTZC19FX,I1LMPCI7NGUJAM,"UGREEN NAS DXP4800 GT 4-Bay for Creators, Tech Enthusiasts and Office Teams | Smart Home Data Hub, Direct NAS Editing & Dual 10GbE Transfers, Ryzen R2514, 8GB DDR4, 2x 10GbE, 2x M.2 NVMe Slots, Diskless",659.99,USD,true
2026-09-19,B0H6B2D9G6,B0H6B2D9G6,I3CMIU8LX4AAL4,"8Bitdo FlipPad Mobile Gaming Controller for iPhone and Android, G Classic | Flip-Style, USB-C Plug and Play, Vertical Mobile Gaming, Pocket-Ready and Case-Friendly, Tactile D-pad and ABXY controls",29.99,USD,true
2026-09-20,0300270968,0300270968,I3MRWHZEMQ9570,King Dollar: The Past and Future of the World's Dominant Currency,16.15,USD,true
2026-09-20,B001RBTSMM,B001RBTSMM,I3FCZD72VB4QBT,"HARIO V60 Plastic Coffee Dripper, Size 02, Clear | Plastic",12.25,USD,true
2026-09-20,B00NX627HW,B00NX627HW,I39GQ1MYSMXZUB,"Carcassonne Tile Placement Strategy Board Game, 2-5 Players, 35 Min | For tile fans, build a medieval landscape, Meeple placement adds strategy each turn, Randomized tiles keep games different",32.88,USD,true
2026-09-20,B076QDH9MY,B076QDH9MY,IE2DRY6MIIVNN,Z-MAN Evergreen Jack Hammer Chatterbait 3/8 Oz,22.24,USD,true
2026-09-20,B079ZPLL97,B079ZPLL97,ISYIWW6FMCFC7,"ONO Roller - Handheld Fidget Toy for Adults | Help Relieve Stress, Anxiety, Tension | Promotes Focus, Clarity | Compact, Portable Design (Black, Full Size - Aluminum)",40.00,USD,true
2026-09-20,B07BL7JXHV,B07BL7JXHV,I10ABVCUFJXPGO,"Travelpro Maxlite 5 Softside Carry-On Luggage Spinner, Black, 21-Inch | Expandable With 4 Wheels, Lightweight & Versatile Travel Design, Men & Women",160.00,USD,true
2026-09-20,B07GNDDNMW,B07GNDDNMW,I3NSX8I0OF132Q,"SIHOO M18 Ergonomic Office Chair, Mesh Back Desk Chair with Headrest | Adjustable Lumbar Support, Hold 330lbs Computer Chair with 2D Armrests & Wide Cushion, Tilt Lock, for Home Office - Black",169.99,USD,true
2026-09-20,B07WCR5Y4B,B07WCR5Y4B,I36EXJIRO7KRZP,TempPro TempAir Digital Hygrometer Indoor Thermometer | Humidity Meter Room Thermometer with Temperature and Humidity Monitor Mini Hygrometer,8.99,USD,true
2026-09-20,B08F65MX4L,B08F65MX4L,IRYBV735I6FQY,"Asmodee 7 Wonders Board Game (New Edition) - Lead Your Civilization to Prosperity, Strategy Game for Kids and Adults, Ages 10+, 3-7 Players, 30 Minute Playtime",44.00,USD,true
2026-09-20,B08HLVDCZW,B08HLVDCZW,I2HHXMWKNI7UL1,"Piscifun Speed X Fishing Line Spool No Twist Adjustable Handle for Reels | Aluminium handle, Fits spinning/bait/spincast reels, Prevents line twists, Smooth unwinding for easy spooling",29.99,USD,true
2026-09-20,B093H8RGXX,B093H8RGXX,I1TLY12MG73F4K,"Cascadia, Award-Winning Cozy Nature Board Game Set in the Pacific Northwest | 1-4 Players, Ages 10+, 30-45 Mins, Relaxing Tile-Laying, Build Habitats, Place Wildlife & Create Wildlife Corridors",37.45,USD,true
2026-09-20,B095QX1FSR,B095QX1FSR,I1BNX13CZDTLV3,"Garmin Approach R10, Portable Golf Launch Monitor, Take Your Game Home, Indoors or to The Driving Range, Up to 10 Hours Battery Life - 010-02356-00",479.00,USD,true
2026-09-20,B09BTLP4P1,B09BTLP4P1,I3496FGAMW5MFT,"Normcore 58.5mm Coffee Tamper V4 - Spring-Loaded Tamper with 15lb / 25lb / 30lbs Replacement Springs - Anodized Aluminum Handle and Stand - Stainless Steel Flat Base,Black",42.99,USD,true
2026-09-20,B09DDC7KMQ,B09DDC7KMQ,I225W0IRZJL69Z,Normcore 58.5mm Puck Screen - Lower Shower Screen - Metal Coffee Reusable Filter for Espresso Portafilter Filter Basket 58mm - 1.7mm Thickness 150μm - 316 Stainless Steel,13.99,USD,true
2026-09-20,B09GKTHBPH,B09GKTHBPH,I3H126LX6CX1OU,"Sorbus Soda Can Organizer for Fridge & Freezer, Stackable with Lid (2 Pack) | Clear dispenser holds 12 cans for refrigerator and pantry organization; secure lids and BPA-free construction.",24.99,USD,true
2026-09-20,B0BCHFHX6V,B0BCHFHX6V,IUQMUY60RAWMZ,Kinesis Advantage360 Split Ergonomic Keyboard - USB-C | Mechanical Switches | Fully Programmable | Contoured Shape | Adjustable Tenting | PBT Keycaps,479.00,USD,true
2026-09-20,B0BCHFSRN2,B0BCHFSRN2,IZBMRKWY7R120,Advantage360 Palm Pads - Magnetic | Cushioned Foam | Washable,25.99,USD,true
2026-09-20,B0BCHHCZ2J,B0BCHHCZ2J,I2XGMXYMDOHHFW,Advantage360 Blank Keycap Set - PBT Plastic | 76 Key Set | Logo Keycap Puller,50.00,USD,true
2026-09-20,B0BF7DXLBF,B0BF7DXLBF,IU77YZXOZZXDF,"Fellow Stagg EKG Pro Gooseneck Electric Kettle, Brew Timer, 0.9 Liter | Temperature Control, Color LCD, Temp Hold, Stainless Steel Tea Kettle, for Pour-Over Coffee & Tea, Quick Heating, Matte Black",179.95,USD,true
2026-09-20,B0CF9THQDK,B0CF9THQDK,I36P0F0DU9IBU1,"Blue Tees Golf Player+ AI-Powered GPS Speaker - Touchscreen Display, 10+ Hour Battery, 40,000+ Courses, Visual & Audible Distances, Hazard Detection, IPX7 Waterproof (Black)",,,false
2026-09-20,B0CNSMHQ3J,B0CNSMHQ3J,I17R9K20M03SXX,LACZ DENTON Pagani Design DD40 PD1783 Men's Watches Luxury Automatic Watch Men AR Sapphire Glass Mechanical Wristwatch Men 10Bar Japan Movement,144.99,USD,true
2026-09-20,B0CP5RMFN7,B0CP5RMFN7,IRPDG2XCLM0NE,"RollsTimi Pagani Design DD40 PD1783 Watches for Men, Japanese Automatic Movement, Day/Date Calendar, Stainless Steel Bracelet, Sapphire Crystal, Luxury Men's Automatic Watch.",144.99,USD,true
2026-09-20,B0CXDTP94L,B0CXDTP94L,I1H5MQZOP9CES3,"68oz 304 Stainless Steel Deep Fryer Pot with Basket & Strainer, Large Capacity Bacon Grease Container for Kitchen,Frying, Cooking, Camping,Oil Filter Container - Dishwasher Safe (68oz/2L/2.1Qt)",23.99,USD,true
2026-09-20,B0D1KB96ZP,B0D1KB96ZP,I39XRT1FQJCAGO,Pagani Design GMT Automatic Mechanical Men's Watch Rotating Ceramic Bezel Stainless Steel Watch with Date Function Men's Sport Watch,155.00,USD,true
2026-09-20,B0D22JRHZB,B0D22JRHZB,ITKJWU73M7L42,"UGREEN DXP4800 Plus 4-Bay NAS for Families, Creators & Small Teams | 4K Home Media, File Server & Hardware Transcoding, Intel 8505, 8GB DDR5, 10GbE&2.5GbE, Built-in 128G SSD, 2xM.2 NVMe,Diskless",619.99,USD,true
2026-09-20,B0DPR9LBJC,B0DPR9LBJC,I3MW6G9YTMMTX8,Votivo White Tea & Bergamot 10 oz Signature Candle | Soy Wax Blend | Luxury Glass Jar & Box | Home Decor |Gifts | Highly Scented,44.00,USD,true
2026-09-20,B0DVZBR9TJ,B0DVZBR9TJ,I1Q4XIXONYIP0F,"BuzzTV P6 PowerStation Media Hub with 16GB DDR4 RAM, Expandable NVMe Storage, Android 13, Dual Quad-Core Processors, Wireless AX and BT-500 Smart Remote",,,false
2026-09-20,B0DWT9J5L3,B0DWT9J5L3,IU0Z3O3TRLWKG,"Toy Battle Board Game | Tactical Tile Placement and Troop Strategy Game with 8 Unique Terrains, Fun for Kids & Adults, Ages 8+, 2 Players, 15 Mins",26.99,USD,true
2026-09-20,B0F9BX1TJX,B0F9BX1TJX,ITM53JLN4RDG5,"EDJY Fingernail Cutter Nail Cutter Stainless Steel Black | Sharp single-blade design delivers clean, precise cuts. Ergonomic stainless steel resists rust for lasting durability.",18.00,USD,true
2026-09-20,B0FD3PQXNL,B0FD3PQXNL,I2VQL4YKC5B5FK,"U-QE 50Pcs Blue Plastic Plates - Botanical Stripes Plates Disposable | Heavy Duty, Fancy Floral Pattern Perfect for Weddings, Tea Parties, Holidays, 10.25"" Dinner & 7.5"" Dessert Plastic Plates",36.99,USD,true
2026-09-20,B0FDZHJCS2,B0FDZHJCS2,IG0ZA3XP2DQ6T,"Thunderworks Games: FlipToons | an Animated Deck-Building Card Game! | Easy to Learn Board Game with Classic Cartoon Style | Portable Small Box Family Game for 1-4 Players, Ages 10+, 15-30 Minutes",19.95,USD,true
2026-09-20,B0FQFB8FMG,B0FQFB8FMG,I22142G5IOO2ZR,"Apple AirPods Pro 3 Wireless Earbuds with Active Noise Cancellation | Live Translation, Heart Rate Sensing, Hearing Aid Feature, Bluetooth Headphones, Spatial Audio, USB-C Charging",199.00,USD,true
2026-09-20,B0FQMJGS4T,B0FQMJGS4T,IV0UBMM295PGT,"Fellow Pirch Cappuccino Cups 6.5 oz, Set of 2, Weighted Glass - Amber | Handcrafted Espresso Cup Set for Latte Art & Espresso, Dishwasher and Microwave Safe, Curved Interior, Soda Lime Coffee Mugs",39.95,USD,true
2026-09-20,B0FT39RFJB,B0FT39RFJB,I3REJ2Z3EOJ3HD,"CoolGeek M1 Vertical CD Player for Wall & Desk, Transparent Industrial Art Decor, Hi-Fi Bluetooth Transmitter (Requires External Speaker), 8H Rechargeable Battery, Wire-Free Aesthetic",159.00,USD,true
2026-09-20,B0GTB3BMYQ,B0GTB3BMYQ,I1FL364PQOPWUS,"iRobot Roomba 105X Robot Vacuum & Mop Combo, AutoEmpty Dock, Self‑Emptying for Up to 75 Days, 70× Power‑Lifting Suction, Smart LiDAR Mapping, App & Voice Control, Ideal for Homes with Pets & Kids",274.99,USD,true
2026-09-20,B0GTZC19FX,B0GTZC19FX,I1LMPCI7NGUJAM,"UGREEN NAS DXP4800 GT 4-Bay for Creators, Tech Enthusiasts and Office Teams | Smart Home Data Hub, Direct NAS Editing & Dual 10GbE Transfers, Ryzen R2514, 8GB DDR4, 2x 10GbE, 2x M.2 NVMe Slots, Diskless",659.99,USD,true
2026-09-20,B0H6B2D9G6,B0H6B2D9G6,I3CMIU8LX4AAL4,"8Bitdo FlipPad Mobile Gaming Controller for iPhone and Android, G Classic | Flip-Style, USB-C Plug and Play, Vertical Mobile Gaming, Pocket-Ready and Case-Friendly, Tactile D-pad and ABXY controls",29.99,USD,true
2026-09-21,0300270968,0300270968,I3MRWHZEMQ9570,King Dollar: The Past and Future of the World's Dominant Currency,16.15,USD,true
2026-09-21,B001RBTSMM,B001RBTSMM,I3FCZD72VB4QBT,"HARIO V60 Plastic Coffee Dripper, Size 02, Clear | Plastic",12.25,USD,true
2026-09-21,B00NX627HW,B00NX627HW,I39GQ1MYSMXZUB,"Carcassonne Tile Placement Strategy Board Game, 2-5 Players, 35 Min | For tile fans, build a medieval landscape, Meeple placement adds strategy each turn, Randomized tiles keep games different",32.88,USD,true
2026-09-21,B076QDH9MY,B076QDH9MY,IE2DRY6MIIVNN,Z-MAN Evergreen Jack Hammer Chatterbait 3/8 Oz,22.24,USD,true
2026-09-21,B079ZPLL97,B079ZPLL97,ISYIWW6FMCFC7,"ONO Roller - Handheld Fidget Toy for Adults | Help Relieve Stress, Anxiety, Tension | Promotes Focus, Clarity | Compact, Portable Design (Black, Full Size - Aluminum)",40.00,USD,true
2026-09-21,B07BL7JXHV,B07BL7JXHV,I10ABVCUFJXPGO,"Travelpro Maxlite 5 Softside Carry-On Luggage Spinner, Black, 21-Inch | Expandable With 4 Wheels, Lightweight & Versatile Travel Design, Men & Women",160.00,USD,true
2026-09-21,B07GNDDNMW,B07GNDDNMW,I3NSX8I0OF132Q,"SIHOO M18 Ergonomic Office Chair, Mesh Back Desk Chair with Headrest | Adjustable Lumbar Support, Hold 330lbs Computer Chair with 2D Armrests & Wide Cushion, Tilt Lock, for Home Office - Black",132.53,USD,true
2026-09-21,B07WCR5Y4B,B07WCR5Y4B,I36EXJIRO7KRZP,TempPro TempAir Digital Hygrometer Indoor Thermometer | Humidity Meter Room Thermometer with Temperature and Humidity Monitor Mini Hygrometer,9.99,USD,true
2026-09-21,B08F65MX4L,B08F65MX4L,IRYBV735I6FQY,"Asmodee 7 Wonders Board Game (New Edition) - Lead Your Civilization to Prosperity, Strategy Game for Kids and Adults, Ages 10+, 3-7 Players, 30 Minute Playtime",44.00,USD,true
2026-09-21,B08HLVDCZW,B08HLVDCZW,I2HHXMWKNI7UL1,"Piscifun Speed X Fishing Line Spool No Twist Adjustable Handle for Reels | Aluminium handle, Fits spinning/bait/spincast reels, Prevents line twists, Smooth unwinding for easy spooling",29.99,USD,true
2026-09-21,B093H8RGXX,B093H8RGXX,I1TLY12MG73F4K,"Cascadia, Award-Winning Cozy Nature Board Game Set in the Pacific Northwest | 1-4 Players, Ages 10+, 30-45 Mins, Relaxing Tile-Laying, Build Habitats, Place Wildlife & Create Wildlife Corridors",37.45,USD,true
2026-09-21,B095QX1FSR,B095QX1FSR,I1BNX13CZDTLV3,"Garmin Approach R10, Portable Golf Launch Monitor, Take Your Game Home, Indoors or to The Driving Range, Up to 10 Hours Battery Life - 010-02356-00",480.00,USD,true
2026-09-21,B09BTLP4P1,B09BTLP4P1,I3496FGAMW5MFT,"Normcore 58.5mm Coffee Tamper V4 - Spring-Loaded Tamper with 15lb / 25lb / 30lbs Replacement Springs - Anodized Aluminum Handle and Stand - Stainless Steel Flat Base,Black",42.99,USD,true
2026-09-21,B09DDC7KMQ,B09DDC7KMQ,I225W0IRZJL69Z,Normcore 58.5mm Puck Screen - Lower Shower Screen - Metal Coffee Reusable Filter for Espresso Portafilter Filter Basket 58mm - 1.7mm Thickness 150μm - 316 Stainless Steel,13.99,USD,true
2026-09-21,B09GKTHBPH,B09GKTHBPH,I3H126LX6CX1OU,"Sorbus Soda Can Organizer for Fridge & Freezer, Stackable with Lid (2 Pack) | Clear dispenser holds 12 cans for refrigerator and pantry organization; secure lids and BPA-free construction.",24.99,USD,true
2026-09-21,B0BCHFHX6V,B0BCHFHX6V,IUQMUY60RAWMZ,Kinesis Advantage360 Split Ergonomic Keyboard - USB-C | Mechanical Switches | Fully Programmable | Contoured Shape | Adjustable Tenting | PBT Keycaps,479.00,,true
2026-09-21,B0BCHFSRN2,B0BCHFSRN2,IZBMRKWY7R120,Advantage360 Palm Pads - Magnetic | Cushioned Foam | Washable,25.99,USD,true
2026-09-21,B0BCHHCZ2J,B0BCHHCZ2J,I2XGMXYMDOHHFW,Advantage360 Blank Keycap Set - PBT Plastic | 76 Key Set | Logo Keycap Puller,50.00,USD,true
2026-09-21,B0BF7DXLBF,B0BF7DXLBF,IU77YZXOZZXDF,"Fellow Stagg EKG Pro Gooseneck Electric Kettle, Brew Timer, 0.9 Liter | Temperature Control, Color LCD, Temp Hold, Stainless Steel Tea Kettle, for Pour-Over Coffee & Tea, Quick Heating, Matte Black",179.95,USD,true
2026-09-21,B0CF9THQDK,B0CF9THQDK,I36P0F0DU9IBU1,"Blue Tees Golf Player+ AI-Powered GPS Speaker - Touchscreen Display, 10+ Hour Battery, 40,000+ Courses, Visual & Audible Distances, Hazard Detection, IPX7 Waterproof (Black)",139.99,,true
2026-09-21,B0CNSMHQ3J,B0CNSMHQ3J,I17R9K20M03SXX,LACZ DENTON Pagani Design DD40 PD1783 Men's Watches Luxury Automatic Watch Men AR Sapphire Glass Mechanical Wristwatch Men 10Bar Japan Movement,144.99,USD,true
2026-09-21,B0CP5RMFN7,B0CP5RMFN7,IRPDG2XCLM0NE,"RollsTimi Pagani Design DD40 PD1783 Watches for Men, Japanese Automatic Movement, Day/Date Calendar, Stainless Steel Bracelet, Sapphire Crystal, Luxury Men's Automatic Watch.",144.99,USD,true
2026-09-21,B0CXDTP94L,B0CXDTP94L,I1H5MQZOP9CES3,"68oz 304 Stainless Steel Deep Fryer Pot with Basket & Strainer, Large Capacity Bacon Grease Container for Kitchen,Frying, Cooking, Camping,Oil Filter Container - Dishwasher Safe (68oz/2L/2.1Qt)",23.99,USD,true
2026-09-21,B0D1KB96ZP,B0D1KB96ZP,I39XRT1FQJCAGO,Pagani Design GMT Automatic Mechanical Men's Watch Rotating Ceramic Bezel Stainless Steel Watch with Date Function Men's Sport Watch,155.00,USD,true
2026-09-21,B0D22JRHZB,B0D22JRHZB,ITKJWU73M7L42,"UGREEN DXP4800 Plus 4-Bay NAS for Families, Creators & Small Teams | 4K Home Media, File Server & Hardware Transcoding, Intel 8505, 8GB DDR5, 10GbE&2.5GbE, Built-in 128G SSD, 2xM.2 NVMe,Diskless",656.99,USD,true
2026-09-21,B0DPR9LBJC,B0DPR9LBJC,I3MW6G9YTMMTX8,Votivo White Tea & Bergamot 10 oz Signature Candle | Soy Wax Blend | Luxury Glass Jar & Box | Home Decor |Gifts | Highly Scented,44.00,USD,true
2026-09-21,B0DVZBR9TJ,B0DVZBR9TJ,I1Q4XIXONYIP0F,"BuzzTV P6 PowerStation Media Hub with 16GB DDR4 RAM, Expandable NVMe Storage, Android 13, Dual Quad-Core Processors, Wireless AX and BT-500 Smart Remote",,,false
2026-09-21,B0DWT9J5L3,B0DWT9J5L3,IU0Z3O3TRLWKG,"Toy Battle Board Game | Tactical Tile Placement and Troop Strategy Game with 8 Unique Terrains, Fun for Kids & Adults, Ages 8+, 2 Players, 15 Mins",26.99,USD,true
2026-09-21,B0F9BX1TJX,B0F9BX1TJX,ITM53JLN4RDG5,"EDJY Fingernail Cutter Nail Cutter Stainless Steel Black | Sharp single-blade design delivers clean, precise cuts. Ergonomic stainless steel resists rust for lasting durability.",18.00,USD,true
2026-09-21,B0FD3PQXNL,B0FD3PQXNL,I2VQL4YKC5B5FK,"U-QE 50Pcs Blue Plastic Plates - Botanical Stripes Plates Disposable | Heavy Duty, Fancy Floral Pattern Perfect for Weddings, Tea Parties, Holidays, 10.25"" Dinner & 7.5"" Dessert Plastic Plates",36.99,USD,true
2026-09-21,B0FDZHJCS2,B0FDZHJCS2,IG0ZA3XP2DQ6T,"Thunderworks Games: FlipToons | an Animated Deck-Building Card Game! | Easy to Learn Board Game with Classic Cartoon Style | Portable Small Box Family Game for 1-4 Players, Ages 10+, 15-30 Minutes",18.95,USD,true
2026-09-21,B0FQFB8FMG,B0FQFB8FMG,I22142G5IOO2ZR,"Apple AirPods Pro 3 Wireless Earbuds with Active Noise Cancellation | Live Translation, Heart Rate Sensing, Hearing Aid Feature, Bluetooth Headphones, Spatial Audio, USB-C Charging",199.00,USD,true
2026-09-21,B0FQMJGS4T,B0FQMJGS4T,IV0UBMM295PGT,"Fellow Pirch Cappuccino Cups 6.5 oz, Set of 2, Weighted Glass - Amber | Handcrafted Espresso Cup Set for Latte Art & Espresso, Dishwasher and Microwave Safe, Curved Interior, Soda Lime Coffee Mugs",39.95,USD,true
2026-09-21,B0FT39RFJB,B0FT39RFJB,I3REJ2Z3EOJ3HD,"CoolGeek M1 Vertical CD Player for Wall & Desk, Transparent Industrial Art Decor, Hi-Fi Bluetooth Transmitter (Requires External Speaker), 8H Rechargeable Battery, Wire-Free Aesthetic",159.00,USD,true
2026-09-21,B0GTB3BMYQ,B0GTB3BMYQ,I1FL364PQOPWUS,"iRobot Roomba 105X Robot Vacuum & Mop Combo, AutoEmpty Dock, Self‑Emptying for Up to 75 Days, 70× Power‑Lifting Suction, Smart LiDAR Mapping, App & Voice Control, Ideal for Homes with Pets & Kids",307.00,USD,true
2026-09-21,B0GTZC19FX,B0GTZC19FX,I1LMPCI7NGUJAM,"UGREEN NAS DXP4800 GT 4-Bay for Creators, Tech Enthusiasts and Office Teams | Smart Home Data Hub, Direct NAS Editing & Dual 10GbE Transfers, Ryzen R2514, 8GB DDR4, 2x 10GbE, 2x M.2 NVMe Slots, Diskless",559.99,USD,true
2026-09-21,B0H6B2D9G6,B0H6B2D9G6,I3CMIU8LX4AAL4,"8Bitdo FlipPad Mobile Gaming Controller for iPhone and Android, G Classic | Flip-Style, USB-C Plug and Play, Vertical Mobile Gaming, Pocket-Ready and Case-Friendly, Tactile D-pad and ABXY controls",29.99,USD,true
